wallet_address,wallet_age_days,transaction_count,avg_transaction_value,repayment_ratio,liquidation_count,borrow_count,high_risk_tx_count,protocol_count,balance_stability,failed_transactions,large_tx_ratio,historical_default,label
0x8C7086037ed0f161537ca92Dc4229143aC2fdDF2,14,5,35.0255,0.2338,3,35,10,2,12.65,11,0.8206,0,1
0x7D69BD4E9429cEB8Fe21E78277372e93C0784092,269,351,8.0996,0.5843,1,5,1,11,85.88,1,0.2775,0,0
0xDeABE2EAB05692ce7a24ee6dE090d506B49F03CF,202,137,11.7269,0.3419,1,37,10,6,24.24,9,0.871,0,1
0x5c9B669A9e639e4EA7EAd68E075dEF3A4E85db28,1296,632,6.1482,0.8348,0,14,0,18,70.46,1,0.092,0,0
0x4ce7f7c570627Bf574DFeE7566311f44372b58F7,124,66,24.4241,0.1532,4,19,9,3,44.38,4,0.5648,0,1
0x4c4CE682eFcba1440777be27c080Dd5AE089577b,79,21,11.7509,0.1212,5,31,10,2,18.42,9,0.8572,1,1
0xcA9f031b7078503570B037Bb91C185582b4BfCd7,243,431,2.4785,0.8061,0,9,2,7,63.04,0,0.0399,0,0
0x054c16502f2E87de33F5b7df03cde5397Efa632e,26,20,2.9017,0.0619,4,27,16,5,24.28,10,0.6574,0,1
0x69210FaF6F581fa44CD54d1Ce8b4f611eC21A446,571,362,1.6037,0.8417,0,10,1,11,76.25,2,0.4486,1,1
0xaA41Cc43A12Fd9C34035038E078811dAc7367108,13,21,12.1881,0.1898,3,28,3,6,23.72,7,0.5638,0,1
0x77f515A7Eec72c224611378962A5E3cfdC17e999,226,845,1.428,0.9297,0,11,0,13,81.64,1,0.2098,0,0
0x468CD546B06A6ab7bBbA6fB43a0E39E3AFdE99B2,61,19,6.8977,0.215,4,30,6,7,29.8,9,0.6217,1,1
0xB3Abb175D7B7597501F80B3e49539eF9Ca5ddC85,153,28,2.9842,0.1927,3,31,8,5,54.5,8,0.4094,0,1
0x8d2b6DA244f28A37fC840319A41c8206bb49b18c,682,637,2.3887,0.9137,1,6,1,10,83.17,2,0.0911,0,0
0x273F775456644526375D4d1Bc7E0B703707Db1A0,217,910,1.271,0.9723,1,11,0,8,74.25,1,0.1206,0,0
0xE1FeDc960595147d4E2109B42B7E4f76c346d6f6,528,142,1.9753,0.8956,0,10,1,16,55.17,2,0.3502,0,0
0x83aBd6E02414296d19F7fA9D961d24558248F261,422,1105,6.8216,0.9798,0,8,2,18,74.58,2,0.1601,0,0
0x8CCD266E48b0ac2377bc355Fc9298476110Ad385,183,410,1.3581,0.8581,1,11,2,4,64.27,1,0.1564,0,0
0x6edde1FA6951F84148B7de2df3E43b9b7d7C32C8,31,32,26.7438,0.4001,5,27,8,3,1.41,6,0.6299,1,1
0x20Cc53B450A042be108AB748D9461C5b5f72CA9C,122,23,4.5169,0.3839,5,26,6,5,32.49,7,0.6612,0,1
0xbF7D433C8E663C0720384Da5FeB6C68c2F39d38c,444,384,8.8645,0.7783,1,11,1,6,80.46,0,0.1596,0,0
0xc73DD395E393f3fA221BFBaC27Dc6Df25D17fb95,71,20,2.0864,0.4954,3,34,5,1,11.6,10,0.7572,0,1
0xA1A31af3BC07f07660f5346efD07BcC736f125f0,152,30,7.1372,0.2992,11,29,7,3,28.85,6,0.7623,1,1
0x76058919C6A349E3Ea5EcF27f92f037C342DbE3C,19,12,22.9883,0.1503,3,28,7,2,24.73,6,0.4732,0,1
0xE8257A91B6959418eE8D8f06c9Fcb13E790Fa0Ec,62,45,1.258,0.1075,6,28,11,6,4.39,10,0.7628,0,1
0xb986124f9118875ff167Fa2A8DD498AD4596E074,237,633,2.002,0.6316,0,11,0,12,87.65,0,0.0885,1,0
0xE0Ec94d92f62E18a90C576FDE201c88E115b6ae1,50,26,130.0975,0.1343,4,31,12,2,10.48,11,0.5838,0,1
0xdfB4d97c22f940850ccB7E79C71BB1A7c731a840,350,116,0.3572,0.8694,0,12,2,9,64.62,4,0.1123,0,0
0xa5824F11490fD32856CD0C33FA209E6413a25e53,532,309,3.3212,0.655,0,16,2,18,47.66,2,0.0961,0,0
0xd29f7B5c4981690ca500B8942Ef2936008bfd968,204,119,10.9686,0.8295,0,10,2,5,76.97,0,0.0842,0,0
0x6E36eD149C85EB8BED6Da97808825ae74466C1F4,199,189,10.0885,0.7462,0,15,0,8,60.88,3,0.4378,0,0
0x6a2d589576E4201Ea61a6A18e43EffB427A47b2a,296,115,31.8994,0.7713,0,15,0,12,90.6,0,0.0424,0,0
0x1794E521fF581Dc82C483F8A2C7035083480369F,433,377,8.8779,0.9812,0,14,1,16,76.87,0,0.1788,0,0
0xd2Ab216eE8330Ea25c76212dA35462ad22761503,389,287,0.9651,0.8451,0,10,0,6,61.73,1,0.2136,0,0
0xb6570ac63A23640892C426Eb970920b003453F60,95,16,8.77,0.0793,1,34,6,1,48.01,10,0.7721,0,1
0x60BCab515Eff02e532be2D8c955D45661f3abA4c,931,156,2.26,0.4382,0,22,2,15,60.07,0,0.0346,0,0
0x805FB65d8C28F4E933cEFAa7f4D2b23b5a9e2010,304,14,56.719,0.3593,9,23,8,3,25.09,8,0.84,1,1
0xa636bBf66ad59a50fC3d7764524a30EdEe91f139,400,81,33.34,0.0521,3,29,11,5,28.64,6,0.4587,1,1
0x156C830a650121aF4B196bDbA055a7A3904D10fc,99,55,15.0498,0.1814,4,18,6,1,41.54,6,0.5663,1,1
0xc6B932DD22C595D7c0FbD7711d0014e7a6Cef955,273,166,12.9385,0.4504,0,13,2,3,80.18,0,0.0843,0,0
0x3B9934f8041eeED2cDBe2E01536349FacBD5C399,309,285,4.0257,0.532,1,15,1,9,100.0,1,0.1179,0,0
0x4575C12784537AEe696f5F824cEfD00577Ef2571,78,6,30.2765,0.2352,2,25,7,5,28.8,11,0.7339,0,1
0x1d5110DCB9F671e853330f8CF7ecebDC820DFABC,423,64,1.6929,0.7176,0,10,2,6,55.53,2,0.198,0,0
0x16B4d5E6bA69067d863460Ea36F075545Ab76991,317,215,20.7745,0.9412,0,12,2,14,69.69,0,0.611,0,0
0x1e81fddA02d3184739B68D7FB0E5a2Ae1F5a4e7d,46,70,1.4368,0.5295,5,24,12,4,6.76,11,0.4993,1,1
0x022bd816a0FCBa016C2Ea817298f734D86C78B22,565,166,2.4004,0.7741,0,16,2,6,88.32,1,0.2549,0,0
0xcc5177b452b2da5e76DC05C7cae298271cC2A548,1044,367,3.485,0.4355,0,9,1,9,77.43,1,0.4438,0,0
0x3164Ee4F830dc5d65BA5842001310b687E0567da,319,378,8.3782,0.9261,0,6,2,3,83.71,1,0.061,0,0
0xA4cfeb2e1F875095feF8e22654e65f4f666A5732,920,148,2.3485,0.7572,0,13,1,17,66.47,2,0.2228,0,0
0x3A6819aBB15AAd228a366797e448B099Be5A60c7,79,118,2.5639,0.2731,2,34,5,5,30.36,11,0.2985,1,1
0x8BA3243eA0F46608c64764EC56490E134259Bf36,20,78,28.6565,0.3176,7,39,7,7,16.57,7,0.6382,1,1
0x0Cf58328A68feB3b4881f97f94Ed1a2c9a7272b8,1500,269,15.4707,0.8921,1,17,0,10,64.49,2,0.0811,0,0
0x2978C0DF1D2f6B4630532d7D3B2d3D5f862D7352,46,79,89.9454,0.2993,6,27,4,6,28.36,8,0.6385,0,1
0x9649aa5DA37bb7E8EB3F51d194131154B91736D4,708,200,14.7157,0.9056,1,7,2,12,67.34,3,0.4059,0,0
0xc520026F77c966932Ad1e941dB1A473c0417aFC3,419,198,8.2686,0.6942,0,8,0,13,66.31,1,0.4185,0,0
0xfA14A22179FA2815b5F1C44FbB532D760EE8eA33,72,28,53.2975,0.3621,2,43,9,6,26.28,7,0.5386,1,1
0xC62CeBB99e2B2859586B46dB5F0Bb1BBB0CC09DB,16,32,176.7692,0.0939,5,24,6,1,43.13,6,0.7686,0,1
0x75Bd7376d3878086F9950dCA1f9471B852798831,105,9,15.5192,0.3262,4,21,15,1,14.88,13,0.4728,1,1
0xbab4d259EFDbC3a544E5c52c95251AaD0fEeF6E2,96,22,2.2195,0.1591,4,26,3,6,5.96,7,0.8154,1,1
0xF4A9f8C95EE273ceA004FE3478253c6D52aF2f5E,695,735,4.7157,0.668,0,15,0,3,72.72,1,0.6483,1,0
0x5243551F02A312f69FB379406Ec3f0B8D6eAee19,69,70,8.7018,0.2712,3,32,10,3,22.08,7,0.4283,1,1
0x285b121d0cA005b34249F1E0D8Ef0a437a0ee51A,1500,686,7.3867,0.9245,0,15,1,3,63.79,1,0.1915,0,0
0x12D704d6599a7b27c8aa9C20dE35C6222Dc9Bc74,85,27,11.3053,0.1997,6,32,8,5,17.41,6,0.7029,0,1
0x018140cc344E17af7AAb4Bc9C2E0c4b5904eca4c,51,17,2.4204,0.0936,4,21,7,7,14.85,11,0.8071,1,1
0xe71fB55EA2aE4BF6A5B7480B27975ed768e5A181,31,33,7.7661,0.0512,3,25,11,5,11.89,10,0.5572,1,1
0xf9da1C20B8cF9cE1Be2EE0261054fAfad698B686,51,12,41.0792,0.3833,4,33,9,4,8.43,8,0.5103,1,1
0xDDC1e375883B79EE9cb5445222b10B78641abb2D,465,212,7.0621,0.8985,0,7,0,19,79.72,2,0.0426,0,0
0xd0f7116C8B037918EF1ec4c582D315Aa8720bBf6,34,35,59.5704,0.243,5,42,2,3,50.92,4,0.6499,1,1
0xD90475721721e79ec322AB77de5Dd60e98CdC6dD,268,367,4.5106,0.9775,0,9,0,15,84.32,0,0.4205,0,0
0x64cd2C4E21fEDeA08E403384Dc98CDa0B3bB653E,10,29,3.6586,0.2446,3,26,12,3,31.58,9,0.5543,1,1
0x0c6ea3e67FB9De5A16Ff36bBBB2Eb86a274930cB,65,40,30.3844,0.2333,6,30,10,7,21.72,11,0.6997,0,1
0x1A3f6C308ea7DF1c40Bb512854A2735F246a1772,1230,65,14.0153,0.9166,0,12,0,7,60.3,2,0.2898,0,0
0xb9027d16f1575e501846cBeF0c1d7dE8F8EaE746,65,40,1.9492,0.2205,3,24,8,7,33.92,4,0.6301,0,1
0x93bb66d7a4298aA43851208ba1E79AE59DBA8365,9,21,1.4639,0.0733,7,26,13,4,36.63,11,0.7665,1,1
0xA62B26254017D93671349064978E5a29c568DE53,970,68,3.3365,0.9716,2,11,0,19,63.64,3,0.071,0,0
0xEAC67881eF714809133051E60CEa47E8A02F7A31,1500,593,1.3642,0.7367,0,15,0,13,61.35,4,0.1429,0,0
0xF07e9624345ACf6a4a3DdcaCA2fdD7fa4E04AD1e,47,56,22.6086,0.1055,6,35,7,4,18.3,9,0.8274,0,1
0x6E1e2D521D38CbE4fa786CB37A58b8b77A49639F,436,369,8.5946,0.8591,1,18,1,11,76.76,2,0.162,0,0
0x44aA02d1e75DAD66908d9586AdA01f7270784002,289,876,4.042,0.7796,0,14,2,19,53.03,1,0.0361,0,0
0x685cd9469AD8F57F00F333509CcA6f0ae5bd0132,33,40,49.4763,0.3252,4,24,7,4,43.28,2,0.6088,0,1
0xaCA35989e7bAa7F792eA5C15eC9eF97E1dFc66f7,1500,160,6.8702,0.7893,0,19,0,4,75.52,2,0.2181,0,0
0x6C595A9618C6766328d8606E087cDf7Fd794C12f,499,343,11.4881,0.7559,0,9,2,17,58.24,1,0.2416,0,0
0xe4acc24E8660b23717f27437ff17EA3cf574eDAF,162,18,2.0332,0.216,6,26,6,7,15.54,3,0.6512,1,1
0xD071a9ab70ea28639Bfd65ED7Ce5D30f0638F9cC,31,71,89.2594,0.2505,4,34,9,6,31.77,9,0.3922,0,1
0xE898Cb54E8E2a9634253fa69a617AB14c876Ab93,171,39,27.6166,0.0664,3,38,7,2,33.23,3,0.7906,0,1
0xcA83700700372af987A3ff19Ad0E3ff1e69D8AfB,73,6,10.8931,0.156,2,19,5,3,23.66,4,0.6291,1,1
0x714D9A0D0ef6B2E25D90519De5FF81FA650CC8C3,81,35,31.1672,0.2252,6,41,11,5,36.04,7,0.7788,1,1
0x6015b65CC6AF4491716d59C0Ee2a971366976fed,1500,139,0.3315,0.9061,0,9,3,9,89.7,2,0.2135,0,0
0xd164075Dd0a959B58A9e68D2A96510d8c6f6962d,386,25,3.9064,0.6924,2,13,2,8,66.39,6,0.2035,0,0
0xdE94F02A67D73Ea8BEe60bfe38Ce1Dff4b1429d8,76,63,0.6497,0.286,3,17,11,7,2.4,7,0.5886,0,1
0x6fFa222F89d861798AC9b40b9F42f459F6dfFa1C,11,70,9.0822,0.2531,3,21,9,6,18.33,9,0.6803,1,1
0x46F4A3bacd7bf72bBC2866257bA61A05a8795840,34,24,21.6992,0.3028,5,27,10,4,40.06,7,0.2085,0,1
0x88EE6079FB27A363925f401bC64f0cF7B23CD2a2,578,289,9.9783,0.69,0,13,0,18,71.87,3,0.1794,0,0
0x2529E34CD630e391208b8Bb9EEFC7157538412A7,302,173,14.9376,0.6394,2,11,0,15,76.84,2,0.2907,0,0
0x9aF1dC2C4A1A7F7Fc97540FeF3787375139D18b3,91,111,140.9447,0.2047,11,27,5,2,48.26,5,0.3401,1,1
0x6f845295592425d1eF3C0Eff3C3273F90d7e4898,400,27,200.0,0.0447,5,29,7,5,17.66,6,0.6907,1,1
0xa68CEfA3EdF1BC95bd2348C4498e0699bbc8135e,565,469,1.6166,0.8155,0,10,0,7,80.82,2,0.1305,0,0
0x05abe2bB92C25ad7a34B1Ed5211DA516e871c89D,33,20,3.7559,0.2773,8,19,6,5,24.45,8,0.6347,0,1
0x5c4f90fFD6E4e4F01C06184FA21528c6eE56a39B,63,5,169.8201,0.0567,2,30,10,4,30.66,6,0.8432,1,1
0x17317fF0E66813aeF1088afDD89A6eF9994938c3,209,92,31.22,0.112,5,21,9,6,28.34,8,0.6542,1,1
0xcD500D6932C74B9F7Fb0Eb9bf2f0Bfa8b8Cd9555,354,109,13.2205,0.8376,1,7,0,6,53.49,2,0.1239,0,0
0x856551FA13Ac5B6997d6384098F9c656292bD997,626,285,0.9525,0.7949,0,9,0,18,66.74,1,0.2733,1,0
0xFd36beB5e18B6d70fDFC19490F8922F5c562F7Ab,242,991,4.4785,0.8713,0,12,1,18,61.4,1,0.0472,0,0
0xA98791351134BB63ec972449E41Df0111ed657c4,111,185,57.4744,0.4389,7,32,7,1,42.8,8,0.8135,1,1
0x72021eC54D4e4FE3EB2dad84b394097E2d23715e,277,343,1.2979,0.9792,0,9,0,5,60.27,2,0.175,0,0
0x66473c2F00b98fbc0e69E808c4392F7DB83d17Ff,305,609,7.7932,0.8701,0,9,1,13,61.25,5,0.1036,0,0
0xD3e793A12846F1cFE634eD448eB4f967db139DE4,282,105,2.1777,0.5162,0,10,2,4,59.9,2,0.1366,0,0
0xBC53cA668dBE726AD5C721B6473b9ec0B0067D10,1500,91,6.6354,0.9383,0,12,1,4,73.95,0,0.1313,0,0
0xCF85eDDef132d50a1F31010ed5eBAdB2B9aAAa78,983,142,1.7691,0.8057,0,9,2,18,73.11,1,0.1239,0,0
0xF6e9F0a907885D1eA95739f42F75db87f3ac4894,661,257,4.4567,0.8987,0,14,2,18,56.69,3,0.1681,1,0
0xA1Dc8B5f57FAd52A9D9bB9acbb0e2A5afAbAeD33,1117,207,0.6839,0.9484,1,11,0,10,62.18,4,0.1436,0,0
0xAf64bcbE5367A1D45D4C76155b1D790816aA3A30,72,15,28.6839,0.2505,2,30,10,4,23.45,10,0.6561,1,1
0x59D9Df625C307a8c7409Fd57E481b9BB671E0706,51,25,5.7607,0.2249,5,34,11,2,3.66,6,0.3894,0,1
0x26F6071Df32D3f4Fa1616d28c40bC2DBB3404979,43,10,79.5769,0.1574,6,29,6,2,36.79,7,0.7654,1,1
0xeBbf1B1c074b38771076eea02F8322af575A00eC,957,24,4.7348,0.7344,0,11,2,11,70.38,3,0.2701,0,0
0xdb659986f9DD170d0803Ca9f723B8D2ABEc34050,676,80,7.3759,0.7848,0,12,1,7,66.58,2,0.2188,0,0
0xB37C9b296C79D65aE0F07642Ac6850164685eA49,8,194,2.9662,0.2669,3,26,10,1,27.28,7,0.8578,0,1
0x2A6d69E52Dd25A08FC369473C58867992fb68274,301,56,3.8542,0.9433,0,9,1,13,82.87,2,0.226,0,0
0x4Cbc02C2A5e2273857a6Ed8FDfaE01c6Cc0C9DF7,717,889,8.7834,0.8429,0,10,1,4,82.23,0,0.2597,0,0
0xd23650a50A4FDeDF047d754069A30a3E959439EB,240,10,12.4955,0.1188,0,24,7,4,40.68,12,0.6578,0,1
0x7A565a4700c1b9a3AD51C85F09B1e865f09e77ea,40,71,13.8668,0.1333,3,21,4,2,28.51,7,0.6451,1,1
0x0F6891ff24060d616E50E3437ef1B33258d6f78E,22,22,47.1991,0.3544,2,26,9,1,25.59,6,0.6794,1,1
0xA08a7892FBf6519A9Cd449102680E538Aaa43FFd,48,52,33.6751,0.2766,3,24,10,5,29.06,7,0.4825,1,1
0x4845385650ACD5E6e6A1357D93C30CBD80f606A9,492,645,1.511,0.8806,1,14,1,14,64.18,2,0.022,0,0
0x2fF04F1401c3d1b7B90446f7c5E3c4ff69D52aF4,929,232,5.2161,0.8677,1,6,1,19,62.6,1,0.1417,0,0
0xfe11440B32685D5abEadEAe3223394D709876a2E,48,5,40.1177,0.1047,5,37,9,5,29.05,5,0.8946,0,1
0x7E0494DB5701FcAEAA5E1234eF34248CCd90899F,1500,145,22.5833,0.8073,0,9,2,12,74.0,0,0.1493,0,0
0xb1E451A9e721269840F173c2604dDE66341A42AC,709,110,10.4664,0.6936,0,13,1,7,72.28,1,0.4511,0,0
0x993eabA49f73Ef9279232AFE059F9f2B5F1F3bDe,187,14,97.1705,0.2416,4,29,13,5,26.41,11,0.6126,0,1
0x42BCE4a249B0C4FeD1A83b4eD68D39d45ee67f20,1500,101,0.904,0.5443,0,18,0,9,61.74,1,0.2947,0,0
0x18EaEbf6dF514deCd2217B3B3f7C9B7E0f5F4346,140,18,2.2057,0.3077,3,36,7,3,32.39,10,0.6355,0,1
0xC37c7f1fEB814755a72a573098B06c106384B462,101,16,0.5025,0.1755,3,30,11,6,22.12,14,0.5635,1,1
0xe40dDaC8e17D7F6F78D99730E5798b06E09891Dd,312,181,11.2661,0.8359,0,13,1,3,83.21,3,0.0881,0,0
0x4EbA88C735B461Ab3fD9C5d9b8d7B0Aa3AcfF380,1180,357,10.8879,0.7924,1,14,0,18,63.63,0,0.1814,0,0
0x38A46a30aE3C5CCA1EeAD51B2590F0F935fF5ffB,609,108,4.2498,0.7786,0,8,0,10,81.05,2,0.0509,0,0
0xcE01740d3059Ef18021461111C4bbb4F148B44dE,186,44,123.0022,0.2972,7,37,9,5,28.58,6,0.7387,1,1
0x528Be0013fAE051dAad36bdB6b56B1441c275cfa,179,40,15.0375,0.1637,5,19,15,5,31.88,2,0.8006,1,1
0x6EF777F73EbC4CF2E96246037Be4a1E9fE44660f,29,208,4.3866,0.1637,3,28,9,7,20.56,8,0.8067,1,1
0xe0Fc69e0281b6B9198617d511e641C5a7F026210,23,11,4.4774,0.1605,3,25,12,2,34.65,9,0.4202,0,1
0xEcEBEd37777E343D1bF8Be788e50961DC4dF2Ad3,50,31,26.556,0.3151,3,37,5,1,46.05,6,0.7341,1,1
0xB7F819552d45611d2C7f80d9a567818Cc59057a8,29,140,30.0128,0.1306,4,34,3,7,38.5,5,0.707,0,1
0x584b40eEDa8e7ddf75DdCDEc271cc35FdCdc88e1,543,557,2.6962,0.8155,0,11,0,17,64.76,4,0.1255,0,0
0x0974116F53480604963685a951f39B66aFFf9A96,58,23,37.2297,0.2199,4,24,10,5,9.91,9,0.6313,1,1
0x3146b2cB3C8884fe6A850f9e352CD9Beab7465f7,552,229,1.9201,0.9219,0,4,1,8,95.9,0,0.1705,0,0
0xA723348cABB48549E72079c3CD9aad52b2240414,130,15,16.3323,0.2879,4,31,12,5,24.52,8,0.5588,1,1
0x7daE8dCE931306440aF1fBbCf21984794C28AEAA,1018,239,3.2522,0.9449,1,9,1,13,55.8,2,0.3598,0,0
0x4052143B3df0Ec1724419519479b61F6eD92CF72,463,214,5.6142,0.7912,0,12,4,19,67.7,2,0.5219,0,0
0xB170D1d73a2c0e359533486583D4Ff27D8Eb7bfC,44,12,12.5173,0.0725,4,22,8,1,26.77,6,0.4699,1,1
0xbd64b2A31F21dC7FB0216Bb5fA9AC19aE702215f,519,140,1.7508,0.7135,1,13,2,11,84.0,1,0.0732,0,0
0xc0b08BB0Ae24FF1Fc29546beCe55E667Cbc57C7e,1004,328,8.9976,0.9732,2,10,1,13,63.07,0,0.2751,1,0
0xE4EaeA2937aF2812f886D8185096dAbDA7dC38C9,209,18,8.3212,0.2294,5,20,9,4,45.67,10,0.5494,1,1
0x98692A3a4380CAf587B812f178D134A5c227cB56,635,1064,2.7585,0.9214,0,16,2,19,67.47,2,0.1415,0,0
0xCeA6D3f2b8E9696F6962b9b84f1EbF364f03485d,342,112,1.6422,0.8398,1,7,1,12,78.76,0,0.2706,0,0
0xb66Ec0A4bDe939aed1f23342f6bDC53611F614F5,106,119,20.1931,0.2874,3,28,12,4,26.35,9,0.5178,1,1
0x95ab96De265900a543bC3fdFaF2eAE96F73E9df6,375,296,3.866,0.8054,0,12,0,19,71.82,1,0.2626,0,0
0x22DF077FB900447FCB277ee212C4CdB61bf0cdEf,375,305,2.6047,0.7639,0,12,2,14,88.64,2,0.0589,0,0
0x9ac8fBcf2374d982945b1557FC6ab9544ad70119,1226,275,10.9177,0.5044,0,10,2,15,52.01,2,0.0717,0,0
0x13526d9eeB813bfE0e045B3B4c19ed510914F73E,49,60,8.3968,0.1089,3,25,9,3,27.28,10,0.5165,0,1
0xf1960e52b4f296598f977493D48cEF7E4063AD1b,379,112,13.6357,0.9388,0,14,3,16,74.18,1,0.083,1,0
0xa2161fF0Cf979F285eF51519558a1E6d52D9A550,96,32,4.7785,0.2553,4,35,12,2,17.64,8,0.7561,0,1
0x493EA7992d6D0B85Bb2d026361F5ec2F98696fe7,275,313,1.7929,0.9694,0,14,1,16,62.69,1,0.2707,0,0
0x3A6e3a634bADAC8b5afcd3EdD521DCbf99fD49e1,525,211,8.1563,0.5958,1,16,1,6,55.29,2,0.1384,0,0
0x2c554e9D8CC6516a4377E4A7F8b59dF88C9c4035,220,594,4.4174,0.6619,1,8,0,13,69.29,2,0.1515,0,0
0xEF515913673233ABf64f96E4bF3FcF5CD2e033CE,86,50,13.0477,0.0644,3,22,15,3,27.6,11,0.5744,1,1
0x158C278d78d6EA79b5e37beD71C80d6de66a7713,16,7,46.8732,0.602,9,24,7,4,7.31,11,0.6642,0,1
0x9080373ddD333A84d3c4fd50f41900c6334Ad1d1,268,11,11.8923,0.0567,4,25,14,4,23.92,13,0.6398,1,1
0xEBbe82b7E18A1066B7FAdF77B7E96f919c20cE3f,31,9,3.7644,0.2672,2,23,5,6,34.88,5,0.7689,1,1
0x28954aB79b3F967b793fb3D0eFE5352D42823D88,60,13,6.1307,0.3195,8,30,7,5,38.78,10,0.6662,0,1
0xbD233FBA255cE0D77fBacd792B4D6a778b35777C,769,47,9.5285,0.8396,0,6,0,6,57.15,0,0.081,0,0
0xDD52293a0635aD4c07E63d7C608A9E0910361aD8,32,18,7.1802,0.3187,4,31,8,5,22.44,8,0.7461,1,1
0xe6FB2f978133A970edEB95a1F199922E1e78445F,65,44,200.0,0.0462,6,20,10,3,30.02,12,0.8491,0,1
0x02C7318FfAD2c5043B434474aeF884E7Dc0C8917,1183,419,7.185,0.745,0,12,2,11,76.21,1,0.2154,0,0
0xfB668C0Cbd50e5Da5D652f2cAeDfb191B3283043,34,57,14.3703,0.2186,3,36,12,3,28.24,3,0.9105,1,1
0x5eec594C7c5561E544c3B52B9dfdd57889E3D273,30,61,22.2407,0.2421,6,27,10,7,30.66,6,0.6327,1,1
0x12C99aC03EA2c20D9b599fE8A723336Cf9e2b896,1500,84,7.1148,0.8238,1,12,3,8,61.17,2,0.044,0,0
0xe076eC349C1c63212A023A0CBe13dE560d3bBBeF,17,8,13.3445,0.265,6,16,13,2,13.09,8,0.2675,1,1
0x05633bB1c7AD35BefF6a17eB352Ae409b8f6ba4C,325,35,1.7764,0.8691,0,10,1,17,68.83,0,0.1264,0,0
0xAfD4A790db05eABaBB4F16137DE375d8dACEff43,86,14,4.4202,0.2519,4,28,7,4,43.02,13,0.4323,1,1
0x4cDbbc1aB8d0E5aAE201F418Da350BE715bc38a3,193,320,2.3214,0.8951,0,13,1,14,71.21,1,0.15,0,0
0xDF0E081252279b70F740397614fF4bac019a99DB,19,83,12.9977,0.2881,4,21,7,2,9.29,9,0.777,0,1
0xA2325dA88e84566ed3E314eA88646cdAEf76e7aE,18,9,10.4658,0.1061,4,45,13,4,42.94,10,0.8687,0,1
0xCB8F0AeF1BAE653efe9E3B03F953E2f9E4f3F0eF,1375,195,2.9799,0.7919,0,12,3,14,64.72,4,0.3198,0,0
0xE157Ab696C54b49f9F57aa0F6D16c9445Ed60952,120,9,3.044,0.2545,3,22,9,4,19.19,8,0.6805,1,1
0x42436195bECf8473EE6Ffd716Ee3BF129F9E87AF,180,10,0.411,0.2827,5,28,10,6,35.0,17,0.5818,0,1
0x1bC25bB29b586b18cA027b6544647C8862ede1f4,1479,182,3.6584,0.9414,1,11,0,6,81.24,3,0.2107,0,0
0x39F597652840De01E8061a3Ad36F06E9dbf61f8b,499,155,2.737,0.5809,0,17,1,10,53.77,1,0.2409,0,0
0xA94D9dCBeb66e3D0b7a226E62A5e1a7c1e9E7BeC,210,80,15.6509,0.0535,5,22,6,5,29.29,9,0.5139,1,1
0x79253d88E225D6e188b0A63FB511D43fA43157A3,272,100,11.6427,0.1314,2,33,9,7,21.53,10,0.7047,0,1
0x0A95d3835eE620E92272FC36Bdbfe63C97BD0BF1,70,13,16.1537,0.438,7,26,10,3,33.21,10,0.5027,1,1
0x85850a0af3c56abbF6B08C820f4a264F25f74C33,29,24,0.381,0.0636,6,28,9,5,11.99,5,0.2988,1,1
0xEa19501328B4788eea3255a6E5caEDA30279eA23,277,1374,6.3204,0.6943,0,10,2,12,71.56,2,0.064,0,0
0x0A37792266Ede34D644AbeF93449C94698392261,1009,148,10.2277,0.902,0,11,1,15,47.06,1,0.0253,0,0
0x46403371821A8857d635292a4184C17642A775AC,15,114,11.2237,0.2826,8,20,9,1,32.64,6,0.7295,0,1
0xA50594916a46A500571dC5b1d8e6107275357A15,529,286,2.0902,0.9519,0,13,1,12,73.65,2,0.1346,0,0
0x8cBD54f17E00AF8362004C7589D7d533d2150a55,282,195,4.567,0.7019,0,12,1,14,92.39,0,0.2601,0,0
0x60479b01e01790A486855fA63504287ae2A01667,865,153,32.3444,0.9319,0,13,0,15,83.24,0,0.0579,0,0
0xdc0aeA981770df7Fc728175d4eE8055b33a5A26b,35,62,7.7532,0.455,7,29,11,5,36.7,7,0.4754,1,1
0xe60f67F30C72e40EF87e1f6A001Dfa6363E620AB,286,177,13.086,0.8604,0,8,0,16,63.51,1,0.0926,0,0
0x6eFA875680ea43c54CFD3eC562BdBbAbF815199E,319,247,1.1263,0.6929,0,14,1,6,67.51,1,0.4659,0,0
0xE8E2491A2b3F9A60969b54A7518233809EdADf90,28,6,4.3782,0.2091,4,31,8,4,31.82,8,0.6343,1,1
0x77D5d33682c5079Fa4e822f3584a6C739F4eaC39,53,146,7.2697,0.1327,4,23,6,5,22.02,8,0.5045,1,1
0x89FaFACE2c6fAd7568c0969bF495174411ce4af6,448,250,8.2213,0.8757,0,13,1,15,58.5,2,0.2705,0,0
0xD8919ADcbE77AeC52511cb83AdA72E370b6D58A0,308,776,2.3309,0.9365,1,15,0,18,61.79,1,0.0833,0,0
0x9B342A984c67c5Cd6e71c23eC0fa74B90d6791D5,1500,456,7.9297,0.7603,0,9,0,18,72.32,1,0.3351,0,0
0xE4191208035a22F4d48d978CbdF5c164f302aA6d,680,68,5.4179,0.7725,0,10,3,7,67.82,2,0.211,1,0
0x93687B99C6F5Fc87e3961921618a74494c871810,192,166,0.6042,0.8957,0,16,0,19,82.12,1,0.022,1,0
0xeAB6918D3526FAd00765182C3971e02A247d70cA,84,13,29.4644,0.0784,4,26,7,7,0.0,11,0.6114,0,1
0x0A212eE4570a4dfDf2ac363BDD55Fa3eC19cf381,244,5,39.1055,0.1887,8,23,8,1,6.77,6,0.809,0,1
0x1E9e494296259E12b5c2861375B4833F172c37e9,114,162,23.8898,0.0382,3,39,9,4,45.67,7,0.3983,1,1
0xEB41A8e3FFCc7D56c73f5950537B3341ddEA2C09,408,169,0.9864,0.9861,0,10,2,9,84.93,1,0.0125,0,0
0x0e9541C8488642EA9A5E256B3a14cd779E91c030,47,15,9.3667,0.2101,3,28,11,1,8.05,13,0.4323,0,1
0x8e84d6D4087A1BA95633f53C181934cf7051406E,401,332,4.9177,0.9669,1,15,0,4,49.14,0,0.1992,0,0
0x81363153896cf0B6d421Eca3180c0Fe7762B76c1,627,322,11.316,0.8405,0,12,2,9,78.56,1,0.1406,0,0
0xba9838427616A4551987FaD4eF512F3530D062F8,557,236,3.688,0.9854,0,8,2,18,94.74,2,0.0593,0,0
0x21649DFB0e37D877f54cdC7E2c204554C9267961,207,181,25.0126,0.6448,0,11,1,18,100.0,0,0.1421,0,0
0x539b41908d276dE2329B828f7992Ec4f380b6329,48,17,21.1978,0.2323,2,24,11,2,27.71,10,0.8437,0,1
0x7174bDAe7C3795693F16a4738Fe795C414458B66,22,6,7.6559,0.1035,5,32,8,7,24.05,8,0.7806,0,1
0x5a4C2A9869948267a7e2C9891B9eeAA681685157,217,201,3.1455,0.7362,0,12,1,7,88.5,0,0.2422,1,0
0xCb28192E0c9fc4fD47CAD63f65C7e317B40b4786,354,240,6.8612,0.6539,0,11,2,16,49.47,1,0.2044,0,0
0xdBEe48E7D226A167000AA1c90241d6DfEE8a1bbC,66,9,5.2372,0.0059,4,34,9,7,0.0,4,0.6598,1,1
0xCAD8Bb94aC4D0378445F87D5c57D2be9fA263c62,255,593,1.977,0.8209,0,12,1,8,70.2,1,0.1394,0,0
0xB602D0d8B6D8CA42b9cfbe8d2d4c8f7dC1Ed62AB,827,170,13.7923,0.844,0,13,0,18,85.68,1,0.119,0,0
0x5d2008fF92f2a791394f980178B8d4BA4Ab680b5,329,283,6.744,0.3959,1,14,0,16,82.75,3,0.1596,0,0
0x003c50d2782628a73012Da9d602D757Bd2946b4a,78,103,0.3582,0.2533,2,21,17,3,39.23,6,0.5977,0,1
0x5F39725C765c7E578982D6d10a335D4E2B5461B1,85,9,43.5239,0.2166,2,30,11,3,15.68,7,0.606,1,1
0x6A7CD2EA1b62ba5Edb3886807a47f0442B803344,30,15,8.9739,0.3596,7,26,11,5,52.32,4,0.4352,1,1
0xCa845f36163A0a0296e199315122E03eF99b2D0d,233,500,2.8517,0.8257,1,12,2,11,68.96,2,0.0766,0,0
0x30dD186C943598EEa9e04B71C402A5B13450aA38,196,1847,11.7617,0.7228,0,14,2,4,66.77,1,0.4965,0,0
0x724A90E4acE6607dD9bf4aF7eBd3dE160997e181,37,7,17.4039,0.4116,4,22,3,7,11.16,6,0.7079,0,1
0x41cB3210237380feE1410944859f42ce1f1bd6A0,388,133,1.9442,0.9773,2,13,2,18,75.91,1,0.2049,0,0
0xEa090D305d0CaaE28321dc7e2dcb741b79C213Fa,16,43,48.7373,0.2277,1,27,3,3,0.0,5,0.5795,0,1
0x13b1c2b9E5671A60Ccfe33e1dF91EE7f27515911,716,749,2.2815,0.9061,0,9,1,15,78.41,2,0.3147,0,0
0x24F1577993849d1aaa68d4Ad13479374471AEfdA,29,18,13.7696,0.3215,3,35,9,5,46.45,4,0.8334,0,1
0x15E2137647F8a0EBB66E2d0691DC0a08A1d06f14,86,18,52.6529,0.1539,3,30,9,3,43.87,11,0.8142,1,1
0xa8a4Be4aa27102C5721b7f2205D3527F84a96584,65,60,7.5478,0.3077,2,27,5,6,33.43,9,0.2201,1,1
0x2f01eB346fA40840a23B2cfBb87dbFd779F88b9F,434,903,4.5835,0.9936,0,11,0,3,78.38,1,0.1905,0,0
0x4B5ff5A84d766de869e49b13D963Fb0898255237,79,19,35.0127,0.6619,1,34,9,2,56.0,6,0.6387,0,1
0xea3D68DB3180410a06F6C10ff87D060A7E9654Da,232,479,7.7858,0.7596,1,10,0,10,75.73,3,0.4907,1,0
0x36e61d6d4755281855BdC3e643DF60A212354F0c,28,59,34.7229,0.1759,4,28,14,2,39.78,7,0.8735,1,1
0xde882eDB27B343fB16afF8D1e021AD3eDD4ac6a9,581,206,0.9823,0.8252,1,12,3,12,59.3,3,0.2694,1,0
0xaC84468666718B7A2203bc405321147000e6826D,529,113,3.2755,0.4688,0,14,1,4,67.68,0,0.1975,0,0
0x55148157d6A1C372F023b57d7847fbF911B0D19e,32,20,2.6164,0.4479,6,32,8,4,18.91,4,0.5968,1,1
0x1144803389073Aa2eD3203F2Faa6F8568Be49e6B,479,150,2.5643,0.7783,0,7,2,15,81.95,1,0.3646,0,0
0xe6C583fCb3a2F6c7bEad8eBB9a5f75C9EE9e4E4A,1030,168,7.1654,0.6139,0,13,3,15,67.65,1,0.1571,0,0
0x5ABF5584E1A08604b81833076f9B85C7Ae19f14f,195,85,15.2232,0.2436,3,28,10,4,34.3,6,0.7525,1,1
0xaB72740023c1193B9c4f8a53994cfc8Bc5FAb5F2,1206,411,3.0956,0.7465,0,14,1,9,80.67,1,0.0929,0,0
0x1a121B1B5be4511cA449F3123D25670Da875E735,481,199,16.0366,0.8608,0,19,1,16,50.43,0,0.1828,0,0
0x5Ac354dD93ba1B4c72BeCbd57A4Aeb9769eD7074,186,22,1.8276,0.4097,8,37,9,7,15.09,11,0.5811,0,1
0xF278321d2ae2EF3c7735Dbaf5e49B3b4f8EED746,480,126,2.0137,0.7618,1,11,0,8,69.3,1,0.1979,0,0
0x69bc91cef5E67fe9B808980ECceda461E605F938,37,7,11.3701,0.364,5,34,7,2,38.29,16,0.4084,0,1
0x3126A1929C6d7cED1F5CB088458694aa6B9636AA,12,5,45.6222,0.4048,6,44,12,6,23.58,8,0.3466,1,1
0x2A3EFB987B88b38fe6FB8F7d5D5f64908B1ABfdf,1500,345,1.3222,0.6661,2,12,0,16,69.32,2,0.1162,0,0
0xcA5a6C769A93BAd292d3Fe1fD65f8455e1A1DCE8,46,19,17.0184,0.2297,9,33,8,1,25.08,10,0.6094,0,1
0x37309b4c33973Eac5bFF5521Cbd8232587dE276c,550,234,5.4682,0.9199,2,17,0,18,49.12,0,0.3228,0,0
0x87B3fC5e343458273fb74b61fC845ed644c7F2a8,153,27,58.1597,0.3552,7,24,6,6,34.97,7,0.66,0,1
0x86039707c8F8Be788e8B58e22F91caa0dBe04aEe,79,18,52.5191,0.0669,4,27,7,7,41.45,4,0.6412,0,1
0x471cB286BD987C7Cb6A6577b8Bf71FE85119611d,541,95,12.935,0.8742,0,6,3,4,59.36,1,0.0546,0,0
0xd7804AB2F87e4a87A8b0465431692f5A9d924a78,1000,639,5.5139,0.6078,0,10,1,4,63.36,1,0.2192,0,0
0x52579303805658554EF95b8c1d20AC3EAa9D55C7,104,11,12.0181,0.1897,4,28,10,6,19.94,11,0.2794,1,1
0x517e7a3616D6f352758D456083Dd0CAEE8b4EDF4,25,10,8.7884,0.3022,8,25,11,3,32.16,6,0.5955,1,1
0xD1F21699123AAF0055915df79C8d6eF1e3749331,402,157,5.9816,0.6326,0,16,0,9,64.61,3,0.1079,0,0
0x6c13B8582b5Df0fed35a36FbDba011d23C759096,186,53,1.1021,0.482,5,36,10,3,34.75,4,0.8481,0,1
0xcEed97D654A98986635dA4c23239932FE8E58f49,214,778,22.4709,0.9173,1,10,0,6,83.73,3,0.3932,0,0
0x5E7256e57350CbD6788fBB7bbc7d33A6E0F5378B,245,28,159.8305,0.1848,1,28,9,6,34.02,13,0.6919,0,1
0xb00Df92874D6025a50e50c6807D98C2caA992c4e,17,18,12.6409,0.1352,6,32,13,7,9.44,5,0.5746,0,1
0xf8efE121a5bEA3e13Cf525cECaf91110f7Db7293,58,19,10.2249,0.1192,3,26,5,2,37.45,10,0.5343,1,1
0x35e8c74877663e4704E895b8771DB3A16C2EE668,1151,342,4.5705,0.8287,0,16,2,10,82.3,1,0.1078,0,0
0x33dA218d2131e83648252B9f18089E79e18550AE,564,226,3.1798,0.7639,0,13,1,10,74.51,2,0.0242,0,0
0x1348748A32eAcC0EA425c2AF5aC11d8425Cf6C39,1324,235,10.6163,0.8493,0,11,0,5,78.27,0,0.0671,0,0
0xCc752850Ba5C387CBA526e97072A3E6E51dCE291,167,58,16.4205,0.1167,5,34,8,2,43.55,9,0.8203,1,1
0x4b7C4685c32A24E4d43F3D81A252209e5C69f37A,75,19,1.104,0.1402,5,35,8,6,18.59,12,0.84,0,1
0x81F33439659D8FB170691fb0d8683df0e3291a76,17,5,66.5953,0.1313,5,25,6,6,13.21,10,0.4058,0,1
0x024128F336135d274C455c70C690760A9374E515,398,274,1.5131,0.824,0,10,1,4,63.31,2,0.1774,0,0
0x275402EBa8108C64e4AfEea4910194b4d63A0E81,105,134,10.2003,0.1534,5,20,7,4,17.94,5,0.6103,1,1
0x8883bE86EC99b5622a26403abd935c4C11292a4F,145,19,10.1846,0.549,4,29,5,4,13.56,8,0.6721,0,1
0xdBAEbeaced6A028a924688d7b17d83dDB3Fc676C,81,13,0.5975,0.3682,3,30,10,3,39.54,8,0.6818,1,1
0x441fE613042ab1973837700102edeeB4B6b1061E,200,353,0.7074,0.9357,0,10,1,18,57.99,3,0.2959,0,0
0xEa9Fb7BefB940EC646a3dabd582a4BFe045F3FfC,661,137,10.8301,0.7938,0,11,1,17,67.01,1,0.0578,0,0
0xcE5cDDa70Ef88F3Dd5ccEfF9cc6ECe90E95939dd,77,5,23.1027,0.27,6,24,4,6,18.12,11,0.4704,0,1
0xE2911b363a0a91072FA9A541431a296e3164a12f,704,154,3.8073,0.964,0,11,2,9,77.32,0,0.0651,0,0
0xDD24b56CBBC41619396e35Db664f4EeFc6897d2A,31,65,12.1582,0.1733,4,26,6,1,44.64,7,0.5498,1,1
0xd1108aa7bABD395520E73979C0b9BDD85084E0c8,306,203,10.9343,0.2096,6,28,13,5,43.15,8,0.3862,1,1
0xe601E2492Bd7605F7eAFC3BcCd7c550E047df7E2,805,708,10.1632,0.8203,1,14,1,19,65.82,1,0.3001,0,0
0x6Eb4a06C61CBd63E6F16327E9B1eB3874e9C236E,212,27,12.1331,0.067,8,25,8,4,36.58,7,0.6357,0,1
0xDff3752fd39Fa60D932585CD0D250C805DB203cd,176,15,3.8688,0.3522,3,27,5,5,51.39,17,0.4765,0,1
0x36D998D404417b0e87642Cd46e6D3Ac0Abd1FbC5,377,206,3.6396,0.823,0,19,1,5,63.89,0,0.1412,0,0
0x5EB1e19b457867C93e7478d6403F739daD18A7b5,668,812,3.8984,0.702,1,7,1,6,57.55,2,0.2105,0,0
0x845349fE8Ff623e9fd6193Cc434D86c9122C9793,11,37,8.7252,0.1353,5,33,8,1,22.42,6,0.6439,0,1
0x65e41A6292EDcFae64c74AEDB04F05598D8d3915,1025,633,11.2364,0.9451,0,13,1,6,60.36,3,0.1552,0,0
0x23BEef73a2ab63023a35DB4140b05c611717D15B,682,411,5.8657,0.456,0,9,1,18,86.41,0,0.3287,0,0
0x060F492376031c563d7dD224d95A8d64187a38b6,109,41,18.5731,0.2555,3,21,9,5,21.86,9,0.6723,1,1
0x7AD5Da1A055a77b8aFF979219dF4F146C0B85833,88,13,5.0072,0.1131,5,25,11,2,30.16,16,0.5107,1,1
0xe24D98a13840F49101f8336Ac235f71165Af960E,88,10,2.7569,0.2705,6,28,13,6,33.37,10,0.6953,1,1
0x28d13ED54312051580A06C0cb9e3Cd2Fc2734880,124,29,41.5469,0.011,4,16,5,7,31.32,9,0.6613,0,1
0x7D033DDefbd525b8dAB2336654f87b6fE1815222,692,962,2.5901,0.9595,0,15,0,3,65.5,2,0.0331,0,0
0xB4aaD6fDAdfE1701De879CdC84e29f255a9e61f8,443,260,8.7625,0.7792,0,10,2,10,89.06,3,0.3696,0,0
0x25a5DAD84aB4ae6Ab6CD027AFCa8EA203e0378f3,723,782,6.9723,0.6777,0,12,0,15,60.68,1,0.0804,0,0
0x3A8e746A4A1Ea54980D33eAc7aD17CD28df174F9,54,26,25.3157,0.4308,5,27,15,5,14.12,7,0.5619,0,1
0x20C578443b60b333c35ae9b6eBc1a3C074aa4b35,106,24,7.1839,0.4181,3,33,8,2,36.37,3,0.6441,0,1
0xaF27785400E8fDCc9C08AB915684B2661bb49780,1273,143,6.3956,0.9725,0,10,0,12,76.97,4,0.14,0,0
0x0cE0801A98F13d7C5B7496Fe701876C08B77aa5b,1500,388,1.1587,0.8476,1,11,2,9,80.47,3,0.1232,0,0
0xA020F74B8730a83D9B268Fdd3C3b8E0E1f527fd7,918,125,18.0377,0.6644,0,10,3,15,49.9,1,0.1856,0,0
0xc203A8f2c5EA5390F682977437793E804002A6c0,46,32,71.5558,0.3063,4,36,4,1,55.69,7,0.8179,1,1
0x47c25BcFA94632C6B35760AF9e907DB3746aeC38,69,37,15.7601,0.1341,4,17,7,2,15.61,14,0.3672,0,1
0xA2F780696276ecA33D9411694B455Ea550C1aee3,772,240,1.626,0.7154,1,12,1,6,81.94,1,0.0376,0,0
0x335880cB857Fc0AE9DfABdBF602350cb5b5059a9,99,27,5.4935,0.0951,5,31,4,6,9.03,7,0.382,0,1
0xb4B46016944E181e179Ecb31D783B2552298dF2d,21,117,8.1253,0.187,6,24,9,6,9.97,15,0.6043,1,1
0x3A9375611F01e813C8F9ab1405f82373257E47A3,144,32,39.5976,0.1063,5,30,4,1,20.28,7,0.8726,1,1
0x0C3F37EDeCa6e9239A44FDAa1C254061f36C5123,1408,284,10.8616,0.6898,0,12,3,13,58.45,4,0.1662,0,0
0x0f2a8d97eC81e54708A22036B032BB4fF23A1c16,648,210,2.7647,0.865,0,13,0,14,75.01,0,0.2644,0,0
0xAe0A4c2f897b5c3fE3b300e70F1c15De2C009636,110,22,11.1194,0.1026,5,31,11,3,29.46,7,0.8316,1,1
0x578bD80cbaFD8EE1E82F9224f6672a8e4DB6DC32,31,206,43.9258,0.1498,2,28,4,6,36.2,7,0.7316,0,1
0x6848C029f2b1fbAf28A85590452F51C733A6fA1a,42,7,65.1866,0.1184,2,32,7,2,17.6,10,0.5548,1,1
0x27497beE285fC372F7c7251a0Ab224aFbB69C46a,196,368,4.1622,0.8767,1,13,0,18,82.01,2,0.1299,0,0
0x9E237f5a7ae005e157e9D1b9b25F903C9F5fA9C8,129,8,9.5568,0.2273,5,30,14,1,56.37,7,0.8086,1,1
0xCd2439789808EB52F0CF780bD5C12abf990E9794,203,261,1.9534,0.9196,0,12,2,12,65.48,3,0.1902,0,0
0xA8DeAF93E099950D54b5740C660a478D859B175b,111,20,2.7691,0.1618,2,28,13,7,41.19,10,0.8626,0,1
0x7455Bfb484b59c04E67B67806f0A0ffF407Bf1Ab,60,43,15.9423,0.1525,5,28,7,7,47.71,10,0.3073,0,1
0x7E210F3D52d52446Be4313ce6DA08c55DC7022B1,10,35,49.8308,0.2452,4,25,12,3,18.66,6,0.7809,0,1
0x70F9D6031618207a7D868d1e50Ab9bF54a7eD0c4,75,27,5.5047,0.2643,7,27,5,4,6.98,7,0.4201,0,1
0xE380f4fAE9131b411F4929888db1B4A4667fa5F9,330,171,5.305,0.9367,0,8,1,16,61.82,1,0.105,0,0
0x3B8cB87ec65C7a95f1742574750d3EB26f62244d,191,22,11.8085,0.0829,7,23,9,1,26.08,2,0.2301,0,1
0xA2b17a8d221EA790cE34f0ef775a238983f07FA4,201,235,13.8191,0.7736,0,12,0,16,70.55,0,0.1447,0,0
0xcc822B141d2478E2C121c77e4726e5E2986998fE,687,1288,0.451,0.6755,0,11,1,10,76.18,0,0.1159,0,0
0xeDa4051535CC9A152318D9F01C97C369F214b25C,983,253,3.6479,0.5819,1,13,2,9,71.75,2,0.3756,0,0
0x992CF9367dd563F78AA683D6E2fDe02261F561Ed,438,186,7.9662,0.9768,0,16,0,17,46.02,1,0.1749,0,0
0xc7Db47A8A9aa061a1600596eEd0BaA2252640FBD,88,8,13.1083,0.1516,1,29,5,2,43.32,9,0.4761,1,1
0x92Bb416369EfB8c852F5DeF64857648D30846F6d,406,853,1.7785,0.8425,0,14,1,13,77.03,1,0.1284,0,0
0xc15656eAefb196e176fd176E3A01f0Fb0CAF13b1,237,5,16.1276,0.283,5,24,5,4,16.69,6,0.4852,1,1
0xB8dB66312Dc853B78d475b348A862A91C536eFE4,561,159,11.2285,0.799,0,9,1,16,71.33,2,0.1312,0,0
0x358d9491e77Ab995032f90de1005874212b5491a,792,125,36.5881,0.8876,0,6,0,11,61.97,3,0.3646,0,0
0x800a3DF66086F4Ce81449570d84350e65921c0C4,519,269,0.9779,0.7634,1,9,1,9,71.91,3,0.1215,0,0
0x3C133e27b4F52Cfb67A4aa0bf1238D34C2b6e502,17,12,54.5801,0.2353,4,29,13,2,29.07,13,0.7167,0,1
0x2a3c826100afEbc3EedBe8B5647ba7673fb21c64,340,242,3.7315,0.7732,0,10,0,7,83.3,2,0.065,0,0
0x155149cd42065Fd6447A888aF4E0486B089FBA0c,275,407,4.3962,0.8082,0,16,1,11,66.88,1,0.3103,0,0
0xba4517757051cf25477eDC5C2964035a37cc9545,97,19,7.16,0.5601,4,23,6,4,19.36,4,0.7643,0,1
0xaFb774DA94c5Cb12DD4Ce85885d3D71b33433bAA,1359,77,1.9572,0.8296,0,12,1,10,73.07,1,0.0954,0,0
0x08602A2Bb20662AF1b44f6E955Ad5CC8C1Bf28Ae,719,774,4.9017,0.9458,0,13,0,17,73.58,2,0.1804,0,0
0x4e5622Cc8fb8e1173EcD0a675421aDc497988160,62,5,1.3874,0.4,3,26,5,1,27.14,9,0.5932,0,1
0x68e1a7311bd7D6f794eE7bE423A967A4ACba971c,76,16,13.0837,0.213,5,28,8,1,26.42,12,0.9421,0,1
0x9A489C0b61a7adc4185848726d2cC3E17bF201b3,81,47,5.4023,0.3151,4,32,11,7,19.78,7,0.6118,0,1
0x9c4Bd267Bc54b26904fEd87EF9b10D4E64F8cd41,207,185,4.4841,0.8414,0,11,1,7,56.58,6,0.0743,0,0
0x6AFF3998CbE708b58f9c80AD9e2427726982c979,136,93,11.6556,0.1812,4,26,3,7,5.07,6,0.5992,1,1
0x0bA79b85DbA4BD12EC6F4B610186E6669241C0F3,256,495,3.6638,0.8781,0,14,1,15,70.85,2,0.1523,0,0
0x699C3d83fF6997a4277f47c846F247B10880d820,737,361,23.9147,0.6593,0,15,0,3,57.34,2,0.2971,0,0
0x293E3C17051Fe5a860b54ac6B37Ba5BBd4F91D7B,90,49,2.0721,0.0296,5,29,15,6,45.42,6,0.5953,1,1
0x679E45aA89BBDB06EF6c24a0Cd4D6d438dba0721,530,316,6.9482,0.8434,0,10,2,8,70.91,2,0.2008,0,0
0x5C4E0b1768E91cd8d3a6B4285dAc862E210f5974,121,28,15.3202,0.3094,4,31,7,7,30.39,5,0.5452,1,1
0x3CC9eD6697f05A0EC9feC693CE2FE2a4B14E70D3,210,32,185.3765,0.3454,2,27,11,2,17.17,4,0.8547,1,1
0x442EcEC85651B05a98FA03353BD1c4014C21AB86,523,888,1.4468,0.9821,1,7,3,3,76.24,2,0.0418,0,0
0xB24A13D70aAa84eE4133033D597AD5c2C75B97E0,276,598,17.7155,0.8152,0,15,5,14,81.11,2,0.1263,0,0
0x56856E2B61fD48E1D7a2a747408A0e82Dc33Af7b,483,376,15.4218,0.8773,0,19,1,16,60.45,1,0.132,0,0
0x45300e5400A6287e6d12c380F08912d083625262,16,15,46.3684,0.1566,5,30,8,7,9.37,11,0.3244,1,1
0xDc8726FA293CFC39f3D554FA9e2e9E20963A830A,59,8,3.7476,0.1286,6,22,8,6,25.76,10,0.578,0,1
0xca0213a280A06C5Fab87D9E27274Cc9a5C81C20f,238,680,6.486,0.7194,1,12,2,6,53.21,3,0.2834,0,0
0x1F40023a12Ff6D58739E440Cbf0f7Eac1E1f60CB,201,1054,5.8141,0.7794,0,14,3,15,81.29,1,0.1461,0,0
0x5DE2dfc45B5bBB9845dFdE23a2e6847c541Aad3e,10,15,197.2798,0.1358,2,23,8,1,32.03,7,0.5226,1,1
0x5947f2672979952Dcb10712bffdd43209CcF33b7,95,107,6.6845,0.29,3,22,10,2,5.07,4,0.7835,0,1
0x66Bb601ccbFbb0eC706da8d9631b7902420eDd38,11,5,1.8377,0.2246,3,29,13,5,23.71,11,0.8313,1,1
0x6ad49F74b27De7fc37F2da724168eb9Ee45d8cD1,225,31,4.1483,0.4716,1,28,8,1,34.11,8,0.466,1,1
0xB6B751b3F63d1bf2bBd23a8521D450390DA59B4E,1337,78,14.7687,0.7118,1,11,2,14,73.25,3,0.0546,0,0
0x82d9E3Bb6d9c582b03F76725D7E19d60A5D6D369,889,291,3.8084,0.5448,0,9,1,15,73.43,1,0.1138,0,0
0x916CdB034e322b72AA91805AE5BC1bcfC5978451,490,70,10.5746,0.8492,0,15,3,16,83.54,1,0.1158,0,0
0xe4503717A4d66805675bBb25895f0C763aD26C33,387,171,4.3986,0.8518,1,11,2,17,63.56,3,0.0536,0,0
0x242b551bE3DbfB687f7b78Bd039d5F22dc05007a,319,303,6.3002,0.6962,1,16,1,14,81.13,3,0.2221,0,0
0x8a05BfBcee0F338C999363573f517b0f4a97a6ed,1500,476,20.3108,0.6362,0,8,1,5,75.95,2,0.2369,0,0
0xD0D93Af083aB7914fd9a3e5ec328cBCccC4888fE,51,26,91.4835,0.4081,2,37,10,7,42.8,7,0.3428,1,1
0x041B21E8fF6D0d7E1643CaA48197138EE92739CB,720,1300,1.8782,0.8536,2,9,2,17,43.99,2,0.3324,0,0
0xb290DaC47472A2C179C82fbc7EC3Ca612Fd3fF2D,44,22,61.3211,0.197,5,33,14,1,60.04,10,0.5699,0,1
0x4928928216843ef9A649b4086072f6aE78E6d07D,777,412,4.4826,0.5727,0,11,4,11,57.26,1,0.0907,0,0
0xa3b50Bc810452aB86Af404846728019f7266F383,95,7,25.771,0.6016,4,34,13,4,43.0,10,0.3818,1,1
0x9C1e4e91b65ce2030f342AFF7E500acf3E645F08,193,78,1.867,0.3887,7,41,6,1,43.63,4,0.2841,1,1
0xBd419d25b7D95Ec8a3a0EE4F204F47a07De5871d,990,1744,1.8848,0.7343,0,7,2,11,65.36,3,0.3295,0,0
0x00E2aB48A40fdB3E14A5762E26Dfad0eabF67A7d,148,52,200.0,0.0983,3,35,16,1,28.35,8,0.4564,1,1
0x5DFf3fc4d68f811Ca6E2F9563B5cCe16795f80BA,97,19,4.8989,0.0885,4,26,7,1,30.29,4,0.6846,0,1
0xB253162e34ac8b6C868d05457b21A660781e87dc,110,21,23.3696,0.3184,4,38,7,7,37.35,9,0.717,0,1
0xEEeD445D0ea614c55ca070325FaE35CDBa157C79,676,382,6.9361,0.648,0,19,1,10,71.55,0,0.0334,0,0
0x802Cf1e3433E87175487abC64C72BEf93D38E2ae,50,165,9.2234,0.4102,10,22,3,6,29.1,10,0.4008,0,1
0x64E1f581b4ce1F39C0c04eF27F56f5f5610Ea063,17,82,25.0694,0.2615,8,32,8,6,13.99,11,0.3738,1,1
0xFb1254a6C61855733b30120EB70Ad2ec8553FA55,231,122,20.8115,0.0436,3,23,9,5,27.74,7,0.4852,0,1
0x16797626d175a368cC9E271063AD04F40eDF212e,347,26,0.8582,0.2853,2,30,10,3,21.17,6,0.5589,0,1
0xF9B7f760d20dd64010281120F4e80B5C666D577e,316,163,1.3067,0.9134,0,18,0,9,67.98,2,0.0522,0,0
0x6C5f769864ab5E3Ff91489Dc7DE5f1C2b7d2e0e8,228,269,9.2051,0.8522,0,10,2,4,92.65,1,0.1307,0,0
0x8b382950756567fd3c7B14854465E9167bd89ce5,10,54,0.3235,0.2632,4,24,15,2,25.73,9,0.5918,1,1
0x9E85AEDE8Be60Bd8BC657A776bCEBce1B007Fe8c,33,85,103.4269,0.2428,10,20,10,2,21.04,8,0.6963,1,1
0x3Ed0E6Fad673045978dABcC82F3F24500b925Ff3,197,151,50.7401,0.6477,0,12,3,18,69.82,1,0.0223,0,0
0x0D9fFB068eE770123d5d6a99b031519A04E520c3,262,316,0.9969,0.9097,1,13,1,18,77.66,2,0.0377,0,0
0x68943E16aC7c58CBEB38822750bef080A8283a88,48,37,8.0064,0.0707,3,31,8,6,19.61,8,0.6233,1,1
0xa17BE7a64b945f7997f1ce1fDd11027df7e2f35C,223,272,2.3396,0.9149,0,13,1,18,44.79,1,0.1813,0,0
0xEea1E0BB25A1186716c0FD7F467eCC906472e00E,27,11,68.0245,0.2869,7,26,7,2,29.83,10,0.4403,1,1
0xc42e6118642524164c0D153BB9257B8Ddb36037A,249,8,7.0832,0.2176,5,36,5,6,33.98,8,0.6577,1,1
0xe4adfeC3d2057Df8992b1535e0B4940110A59307,58,53,10.7417,0.2009,5,30,7,1,45.04,4,0.7182,0,1
0x90205Af8B2B11b68c882040a093446D9F17e068c,1364,1927,10.9419,0.7408,0,11,2,13,74.21,2,0.2265,0,0
0x0DcF4c5087c4eBbAF5Eb273752272dBD52248d2b,270,98,7.2563,0.9556,0,7,0,6,82.2,0,0.1574,0,0
0x7b5d276Aaa124E3110d9Ea598C54Cd48fC415263,913,246,8.7227,0.8416,0,10,1,11,74.81,2,0.1424,0,0
0x76Ef6F7262C832B7f1FF60A66f219C9b0F4AdDb9,400,296,3.3314,0.8218,1,10,3,13,87.88,2,0.0618,0,0
0x1E8Ef6a668F859649A42aDE66B427Fa42471075F,135,5,29.8592,0.0377,5,33,8,7,39.92,8,0.743,0,1
0x8de8D8005EBb76C4Fa1F08a2A061D83474aeF5B6,13,92,35.177,0.237,4,26,1,4,32.35,8,0.453,1,1
0x98C6db5c6d655C04C9DE323Dfc4708E91A9afFfe,1500,169,2.9764,0.7063,0,9,0,10,72.71,0,0.0493,0,0
0xB8EFbf32E9822e2F9B96c6E8f5Ba0DcE0D00FaF0,1500,85,6.8318,0.5178,0,7,2,3,68.44,3,0.2067,0,0
0x48E6420F8A5b889f839D711B60Ec0cEe26f80E3F,598,284,6.5951,0.8802,1,11,0,16,79.2,1,0.5099,0,0
0x0b8448Dc14270296750FE8D7146F913e9b6A9283,1500,371,4.7585,0.8827,0,10,1,10,58.14,1,0.0777,0,0
0xA0285952A6445a762ad651098569C0eC03866f6b,384,136,2.7404,0.8342,0,13,3,17,71.7,2,0.2641,0,0
0xeB6c0fcf42Fd8e090ced48729A43A05B818F4348,534,219,2.0422,0.8933,0,11,3,13,85.86,0,0.1618,0,0
0x98d6956F0636b9B1e01D294EA5d2A4dE6606EfF9,964,270,27.2308,0.8514,0,16,1,6,77.24,3,0.2069,0,0
0xEFf20aFe85c2Ec48fcc2D649f345b8B539d27843,400,30,13.2409,0.3259,6,27,12,4,28.41,10,0.6039,1,1
0xeb8d6C472830EC1FCb64eA28cf75DB3cDE1a6F4c,35,102,19.1711,0.2253,3,27,13,2,21.29,5,0.8545,1,1
0x833d6eAFD9495400948C074070e72FFbE3F60c4d,424,247,19.883,0.7689,0,11,1,9,63.65,1,0.1753,0,0
0xDcDbeb8B7b9543a1BB151190Ee573E40d86E5cF4,152,62,105.8972,0.2545,2,23,7,2,35.53,11,0.6246,1,1
0xb0F608Ee509e25359d33acc9470F9753A90Ad5f5,142,30,0.7437,0.0763,2,26,8,6,8.63,8,0.7792,1,1
0xDF6B39E1125B7038F0B7347a71D9D0DD24BD62A9,249,171,1.4674,0.9347,0,9,1,11,70.43,2,0.2394,0,0
0x49CAA9F2Ad756BdF7d19f872C5AC12CC4fC5F9A0,429,821,4.8837,0.8989,0,12,1,5,66.01,0,0.2669,0,0
0xAbeDb2686dD59bEb8e61e82d67DfFD8352a381b4,169,44,1.9068,0.1835,3,34,5,7,45.31,8,0.8747,1,1
0x7EE4152f5F096381965f3c93B6BAE405b90B39AD,584,198,2.7027,0.5955,0,10,0,13,60.37,2,0.23,0,0
0x1688edA0d1c776735c5d4f8CaBB1355d22bc38fb,291,156,26.4514,0.8994,0,16,1,11,74.84,0,0.0755,0,0
0x90e66BD59548Bb1343B9420ad2f8F7F64f0EDAC9,54,16,3.5189,0.403,5,34,5,5,34.64,5,0.5638,1,1
0xEE1D890083Bf62E55fB87b3c7723A38E792ccfA9,231,565,0.7641,0.8694,0,15,1,13,81.62,0,0.0742,0,0
0x342355542B6b00e4b835487Aa89f33697a2940aA,926,117,5.6588,0.7042,1,8,2,17,76.12,0,0.2771,0,0
0x41C99A581699aAA652Ce46d30f7C0427CE129f4e,1271,68,2.0691,0.7911,0,15,0,9,76.2,3,0.0869,0,0
0x1BCF47Ba2e4F0fd92b4bfa7e456dBceEb03F1d9B,105,24,5.6697,0.273,5,34,13,6,45.65,7,0.8911,1,1
0x092b306990f731cC0AA3A4dCa058A6A07A034b98,225,312,7.8822,0.7924,0,10,0,18,70.64,1,0.0785,1,0
0x91ff9Ef04d0a7f37aE610e4fF9536C7B047147BE,187,490,4.6689,0.6562,1,10,1,4,86.27,3,0.3186,0,0
0x4AE1022e82Ff8fE12c334c18aC964D884713c137,18,29,4.3063,0.4311,3,29,1,2,22.99,12,0.6047,0,1
0x8c55B0e0eB1456659346bf6EDE4DFa8f5a43767b,392,67,7.4022,0.7084,0,14,1,19,56.64,2,0.2528,0,0
0x5c774b6aD2E020166E98CC3Bbbd9374C7F57ae53,29,96,117.5321,0.1478,3,29,7,2,32.05,3,0.3509,0,1
0x57D1f31604B59E365304cd71D66E580424D1b2e5,50,11,7.9455,0.3923,4,23,8,4,0.0,8,0.7223,1,1
0x9634B658b64f2E791CBBe33648f7AB02C41Fbca3,72,17,55.6103,0.362,7,35,13,6,17.7,7,0.5794,1,1
0x39008E8A978282d246De42a660a0CFd2EE15efDf,159,82,1.8904,0.1246,3,23,7,6,26.69,8,0.1927,0,1
0xA744E50a11A5302F428018C7e3F9fa8bD479c269,41,16,200.0,0.2384,7,37,10,3,36.93,6,0.7551,1,1
0xD8C281068aeC366Fd87cC6139E62dbC440FC077e,68,11,5.3979,0.3724,7,23,8,7,43.66,3,0.6443,1,1
0xABA92f04Be5eA0Cc46e42Aec275Cf7BA79fA003d,471,139,19.769,0.6752,0,3,0,12,60.72,2,0.2614,1,0
0x70794EC9f22C68F15C047A67c207C0a30faa76b5,85,12,0.7999,0.0682,3,26,8,4,52.47,13,0.4911,0,1
0x59977C5801DCEDB4dfa837a12481641eA53D7426,29,12,9.4711,0.3249,3,30,8,1,29.7,13,0.4916,1,1
0x58b18CFa1c895000A75821F96329EA203d6E352b,255,213,3.8347,0.8188,0,11,0,7,79.69,0,0.3537,0,0
0x8c3c081cAE0b4A1C7Fb6b6c420e9BaE6EBeB924E,39,93,1.5736,0.3822,6,31,5,4,28.25,8,0.841,0,1
0x15a0C25457dcdB35f070908841918b492Ea6987D,110,40,1.9198,0.0645,4,27,7,5,38.58,7,0.6431,1,1
0xB801aD66cCA907344b289Fa427450CfcE59BAF04,89,24,7.3675,0.2827,3,19,7,5,21.26,3,0.6337,0,1
0x9003208c1a9fa2484D128f6074e7a211fe83F863,522,124,10.1792,0.8733,0,8,2,12,67.08,2,0.1576,0,0
0xb809Ce4F464D873a587Bcc7906A741D9C63Fe017,875,110,33.9065,0.6742,0,16,1,15,79.99,2,0.1261,0,0
0xAA161356044A961736659B5393bb3357DBd720f0,49,5,4.9734,0.2154,6,25,6,3,13.5,10,0.6109,0,1
0xe255A5eC068515bd3c76209217740ca2BFb1ed88,218,142,2.8959,0.6539,0,11,2,5,70.05,1,0.1484,0,0
0x73914812DDF4E52c81A848F2B3EB155A8A2CAd89,1333,479,8.6357,0.8286,0,9,2,4,66.71,0,0.4593,0,0
0x5428a1213631667C435d7E3eeD70529d6C9ccFe3,80,9,27.3665,0.3825,3,29,7,2,0.0,12,0.6235,1,1
0xfE8682792B7464886ACE5D7C7F87F8962a7d8D24,1214,182,4.1229,0.7717,0,12,1,7,95.36,2,0.2576,0,0
0xC28dAb50516C5B8b21218d8bB8fb3fDc46c111ce,8,9,27.3375,0.2712,6,23,10,7,60.46,10,0.6316,0,1
0xe4ffb6782b753c57bC9a3f953ACee2C6e5885435,260,158,3.0979,0.9041,1,9,0,17,50.04,1,0.2481,0,0
0xf7D972eb23487dc6143ba1b4D3A049ebFbb1AC19,763,1389,4.3336,0.7166,1,11,2,11,84.19,1,0.0871,0,0
0x2005852e68E2368F3A66367FDe7718a4f92B9177,40,5,61.6893,0.2728,3,19,11,1,46.27,4,0.4416,1,1
0xa47789Cc165B23e2896a1C02917B94e40E55d01c,375,78,3.0431,0.7629,0,10,1,7,73.34,2,0.1312,0,0
0x813F0300e9845f85f4F1b63CC85b76b3bFdbeFcb,12,22,27.0462,0.1519,7,28,8,1,31.62,6,0.4313,0,1
0x34335d36E6662d3BB2996c928b6Eab6Fc2CaC62d,325,107,9.4679,0.6026,0,13,1,18,61.2,2,0.1035,0,0
0xB7ad2Ae2999f12F19992031815Bd76D701817f9B,12,31,2.4681,0.1737,2,27,7,1,15.38,6,0.4986,1,1
0xaA880A84712404DFEd730A6c8C9437A2D48d7ce4,838,331,0.9953,0.7719,0,10,2,6,69.33,3,0.38,0,0
0xc5E71A81b25b62567ce8BaD786C8344C9734594a,123,34,3.1313,0.1906,9,23,13,3,21.98,3,0.7141,0,1
0x7178AC1eF2e65D79a4120e99b9266dAa7237BCda,225,11,45.9638,0.095,6,23,8,1,46.15,8,0.9008,0,1
0x7CbA8AD3b52befBeaD8a9507B7429B1e574b1EB5,18,98,6.4433,0.2147,5,37,7,3,51.33,9,0.4487,0,1
0xcb3f3679bdcEF6e86CA680d22DdEE913dB286e01,231,567,3.7024,0.879,0,11,1,5,80.04,2,0.4103,0,0
0x9bb18788B92699D434BA8D80775A1CD46b3eD0E8,51,51,3.1334,0.1494,7,34,9,5,52.32,6,0.737,0,1
0x29ce6548c060D98Ce7f4E0F3241471E3f41dcB5D,156,11,17.854,0.1855,4,30,10,3,57.75,7,0.6038,1,1
0x743089eC2DE8002A335714035e7C6Ff25c1Eea16,674,117,1.5356,0.9223,1,12,1,13,48.98,0,0.1233,0,0
0x4323971297d7ECcB433b272fc1A0b824c2DA4846,855,496,13.7499,0.9102,0,9,0,14,72.61,1,0.0433,0,0
0x8691da884687f5AD2B08bf858704349f31580BE4,1112,141,3.0796,0.9002,0,13,0,4,66.8,3,0.1495,0,0
0x4178f7BEDb31c580b5cB0872E7f1b5bFC0BcD66b,359,389,88.6999,0.9315,1,10,1,18,61.42,1,0.2013,0,0
0xbe32cA7E4CD6c8ba3eBd42A785D77cB25B8dE432,8,6,1.1951,0.2499,6,26,6,2,15.43,6,0.6398,1,1
0x80Be65f8252FB018741b26b582135C3ccB9A85c9,222,1361,3.5007,0.891,0,5,1,10,66.21,2,0.1348,0,0
0x7458493D4B3C553aB87Bc5b391d2F3082C4e6D22,1011,335,1.883,0.8681,0,9,0,7,64.81,0,0.3589,0,0
0xF3f20DD68e1f4f5a0bc714C1729d5B1A587f9a54,329,227,7.8116,0.7083,1,23,1,10,71.78,6,0.1103,0,0
0x99Cda7c04E4f17883D560FF48E0ef4204d23Bc2C,610,172,5.071,0.8799,0,10,1,11,72.07,1,0.1159,0,0
0x080f8c021309DfC63975f59C5405961e6a6Db9D1,188,974,0.2188,0.8095,0,10,2,15,73.78,5,0.3101,0,0
0xAC49aBFB6eF13E35509d9468FbC06115789c80A8,1081,222,20.7463,0.8474,0,11,1,10,67.33,2,0.3052,0,0
0x5F34f68d46c309Fca0c5AD78dc356efFc59a2FfC,1500,220,16.7987,0.8796,0,8,2,6,64.66,4,0.0553,0,0
0x3CDfD87b5C43083E78094Bbf81e601F6B9Fc2015,731,143,3.1275,0.6739,0,18,0,5,77.42,1,0.0778,0,0
0x1550A77307D6B302DcDa3E665c33C12a3a5c2888,435,1269,5.5361,0.565,0,13,3,15,72.22,0,0.1011,0,0
0x297D67d6dF14c3D99e0AbbB38D99Fddb5788456f,283,26,1.0352,0.3871,4,30,9,6,31.98,11,0.36,0,1
0x702c280B56CFCF6Ff9024358AD8AD578Dcbd94C0,128,10,20.9774,0.1717,3,31,14,3,40.26,5,0.8867,0,1
0xDb008FC888b0b54B1EC34ff0F7726f4a28E746C3,203,223,0.7569,0.7835,0,7,3,15,65.59,1,0.0936,0,0
0x56456fE9C88FF77C30917ecE53e8AceE66398fbd,1029,219,4.8354,0.7899,0,9,1,10,88.6,2,0.3258,0,0
0xe686BbEE3AB8E648944c27A34C98ab3270857dbf,478,348,2.3118,0.9435,1,12,6,6,77.46,1,0.0932,0,0
0xc77547df1da2Cf1552bC1A1b74C2924573F2020F,1402,301,3.3078,0.675,1,11,2,9,83.01,1,0.222,0,0
0x01d07dbc73342E9Db815bde8fde0B249b92E91E7,60,103,1.864,0.2958,5,30,9,6,21.58,8,0.8267,1,1
0x6cD20E948F6d5B408653bE463C7B6Ce848EC0eaa,28,54,28.4424,0.2426,11,28,9,2,29.0,5,0.7458,0,1
0xd77f1F1f77d83806d96252e5e290536A56582963,29,26,58.2137,0.1621,5,31,10,2,27.3,9,0.8886,0,1
0x494506Ca236672612177c15A78323617C6D8B3b2,354,199,10.0455,0.7436,0,10,0,9,42.08,2,0.2188,0,0
0x6B94F865ED1D0Bc89f6ccCC9033142579516D9D2,606,316,1.1466,0.9034,0,11,0,18,82.56,1,0.1319,1,0
0x887b31F8F661B088AA812e7408799d4A159FF186,12,13,9.6335,0.3537,4,29,5,6,26.19,8,0.6859,0,1
0x31afE7743E5890BD6EeC4F9c994cfC3CCc06bBa6,400,50,60.5418,0.39,4,24,11,1,35.03,12,0.7904,1,1
0xe4fC708577457C4391a1EA7773876cc3a7a5686D,1500,1217,10.1068,0.6897,0,9,1,14,66.32,1,0.1925,0,0
0xDc4c339Fce8A9eAFdEa550676ee1C821853a4E97,469,231,6.2136,0.9314,0,10,0,17,55.85,0,0.2781,0,0
0x09EfE481D75b31Df654D7D88ccEdcCBFA6094a31,336,419,5.1804,0.8745,0,13,4,16,82.92,3,0.1059,0,0
0x907Fbe17E127A75d15C5C55b8816487980fFF68D,777,1529,5.7345,0.9009,0,8,1,10,56.36,1,0.0823,0,0
0xFE7d6563fBEA52a2D6FFe88bB42483C8492CA49F,57,26,16.4391,0.2922,3,37,9,7,16.84,9,0.5116,0,1
0x6b9936F2B1f1127230D00140A2E94ff824EdD584,579,252,7.188,0.7939,0,13,0,14,69.94,3,0.1113,0,0
0xcB50A431A787cFB194cFbd8797d4fC16fD02Cbb8,55,35,29.1732,0.1735,5,25,11,7,16.98,7,0.836,1,1
0xe0404031843f35086e1b8A76d837Fb047afCb041,1500,744,5.6411,0.6938,1,6,0,17,68.82,1,0.152,0,0
0x819823E5277F2d97dE95Aa102DBfbA9a4763E4ec,674,316,7.8108,0.808,0,18,0,11,77.65,1,0.1492,0,0
0xe0f971A5CF1caF22af3D85214F17d47fE56c18d7,602,356,6.9099,0.8492,0,11,1,12,77.88,0,0.4069,0,0
0x0929cd5D1692C379405BEEA8D1E10890769180D3,152,23,7.9428,0.2209,3,24,12,1,29.3,5,0.9097,0,1
0x19894d95Dc80d57712e4ed6e157Bc401802E3620,1359,379,2.9176,0.7688,0,17,3,9,85.93,1,0.3702,0,0
0x730F9d969795c0f252D9Ab5D4c00eBD61da8229E,134,47,0.918,0.2868,4,24,16,6,40.36,4,0.6979,1,1
0x9B8c02Aac7493f32eC3f2CA09C61913B70F2C4BE,241,130,6.0728,0.8525,1,9,3,13,76.66,3,0.088,0,0
0xf18e855BC5C45e8957Df44c214D5110f52CC3F5F,70,5,64.0675,0.1071,5,25,7,6,25.96,7,0.5734,0,1
0xAEda368485931Da281103a195007C1be23a8ed64,547,92,8.9848,0.7852,0,7,2,12,76.48,2,0.4382,0,0
0xc9aF54653F30abd664002e304eaC6cEFd306C6dC,189,319,8.3772,0.7438,1,8,0,12,80.16,6,0.0343,0,0
0xBF4543C907a0f7c06C8f9d80Ee164641C502cedA,11,9,200.0,0.2491,7,33,13,7,19.48,4,0.7577,1,1
0x6EADbE8C0C2645B6Afcd223fa12C11d55f0BDb9D,140,18,10.2369,0.2164,5,44,14,7,40.89,11,0.9574,1,1
0x2C611131C3Ea479f48901366A1e4f413F2aA7E04,135,40,1.7314,0.1493,5,33,9,2,37.54,9,0.4998,0,1
0x467b8a269E62AC4689B201105C4cBE4a0543da09,194,61,8.7434,0.0322,8,28,6,6,39.82,9,0.7375,1,1
0x6387C0F0A9E605657a177e7F6f95081208e09D3c,1473,286,7.5468,0.44,1,11,0,3,81.04,3,0.453,0,0
0x186aF09600c3413D94Fbb48e66c29b3Bd5087761,54,24,31.7495,0.2119,2,32,9,5,13.2,6,0.5015,1,1
0x4e6aCe301489BCD1CcF27d9248Fb4884B99B539A,112,23,26.2817,0.1486,6,32,10,3,18.38,12,0.5556,0,1
0xE77AbCAaa25F8307d7cf1678C71c646efEf95f67,746,201,0.7611,0.6485,0,14,3,6,57.78,5,0.184,0,0
0x14BeeE6be2d60c5D5A332b1CEE180848eFb65620,1045,260,4.8972,0.9457,0,11,2,13,62.72,5,0.2095,0,0
0x6C5b53c9bC94ddbCcB5f6cb4228B900c22841EC2,300,245,6.8276,0.7107,0,12,1,12,61.84,1,0.2502,0,0
0x5ed038D204beA9495833160E89E42bFb30b86fd4,253,103,3.7755,0.2151,3,35,13,5,41.35,7,0.5831,0,1
0x9E5265dCF4B3B6d3726BcC308f0266a70E30a378,177,9,2.8078,0.1048,3,29,7,3,23.08,6,0.4617,0,1
0x861dd9f42c1eC3C120b6653d49D4E3D207481170,22,54,44.3507,0.2418,3,22,12,2,49.8,10,0.6838,1,1
0xe4aad3E56c17Eff0664487D36e07da51b6C04939,632,484,2.7746,0.9406,1,10,0,6,97.66,3,0.2259,0,0
0x7d86A132e5f28A877E26A184FbC833431BD0bC79,1189,363,2.3207,0.6135,1,8,0,12,50.08,3,0.0817,0,0
0x5943B3375f0E43F83C4F182af5E23137C3847FAb,146,38,7.6377,0.1563,5,27,5,6,22.27,13,0.7952,0,1
0xEDad95280c13D6EC00365C02348b5EfA34059123,31,13,2.0818,0.188,7,19,9,2,55.23,2,0.523,1,1
0x27833B33cFcAeCb05464BC4Fb128626A5a4a9627,27,99,16.3122,0.5295,5,31,10,2,33.96,9,0.5783,0,1
0x14d7a24d8434bFaf6663053d2b71b3933592fd81,189,43,23.6053,0.7924,0,11,1,11,84.66,2,0.0767,0,0
0xd34dd6A052bF5a2778C590ea329C777b376aE522,26,11,2.3654,0.2261,6,32,11,7,42.81,13,0.6704,0,1
0x302D7265C46a57cC8A779bAC7E137e0EAEa47a21,280,157,11.801,0.7602,0,6,2,19,71.86,0,0.0443,0,0
0xbE404EAc29195291A131ce2837E30e0ecB38DCa1,550,54,3.4731,0.9027,0,7,1,5,76.96,2,0.4165,0,0
0x28B4BadAfaaBd7bb479E93cDc6A2B35E5970BA31,821,128,4.4968,0.7555,1,7,0,14,71.16,1,0.042,0,0
0xC4cb21DA14ceAF72dec557169B4Af557B551B8a6,1500,303,8.5887,0.6089,0,17,1,15,69.38,2,0.2518,0,0
0x28F5393C485Cce70F93dbB299c6dF2C692577D58,204,275,9.4011,0.8582,1,9,0,7,67.72,2,0.3967,0,0
0x48c690e5E0a0f38D9dc52c27E222188a986533f8,448,580,1.8944,0.9526,0,14,2,7,83.33,3,0.1298,0,0
0xf27f3a5b2A3Afe010960497f6d1D54eF2286ec7B,334,28,30.9172,0.0895,8,30,10,4,50.73,5,0.5825,0,1
0x3245142F36a372018322119510200E41E015243F,44,6,4.3687,0.2745,5,28,8,6,45.25,12,0.896,1,1
0x61056A26732F6b92138deD7FFe178b83C3Ead27e,66,284,17.7906,0.1559,4,21,10,4,16.8,11,0.5316,1,1
0x2954d97e4D1aA94258694820D6Bfc6B67180c677,281,568,2.1128,0.8631,0,6,2,9,90.63,3,0.1721,0,0
0x78297AE51530e876289543C9Edd949e12857b708,1010,59,4.2827,0.9705,0,17,2,15,72.24,2,0.2554,0,0
0x0A1d7De0e6E6519C2514F94Fb96DFF1B3257C1b9,297,337,8.8387,0.6417,1,11,7,12,55.16,2,0.0944,0,0
0xDcD91bb99cD44f15728c1c77Bb2e0B5259380d40,55,39,12.0662,0.2241,3,33,15,7,34.04,11,0.704,0,1
0xCA238c221b607867F6b2Ee82853D0EF3F9ead341,42,22,7.3667,0.1219,5,34,7,1,29.89,11,0.6426,0,1
0xb22C1bA427979b6F10B174f0Dc0fdf04E740A69f,617,317,9.3173,0.8011,0,9,2,4,86.51,2,0.0773,0,0
0xACa9600c3B3C739ecc848aD8FF83dCAb2c4DaBCE,415,91,4.9747,0.7965,0,18,4,13,83.65,2,0.2495,0,0
0x6deAa2130CD192e6688D5EbaF735DEd5bD8352a5,68,102,1.7925,0.2354,1,29,10,7,14.63,10,0.5155,1,1
0x090d99Cc7CD008CCFb8c2735C0579dC3d64B17BC,937,449,6.7332,0.7134,0,10,0,17,98.65,1,0.0402,0,0
0x8D841A5Ec4B0aAc98f34e20964B4452eD39BaADB,70,14,14.6072,0.3045,4,22,5,7,35.28,4,0.5247,1,1
0x50ae4737F2aB0eA89bD01feBBDA100303833d0FE,53,14,19.1926,0.0947,2,31,8,5,32.59,9,0.6287,1,1
0xBb18Ce8A32b68Ee237F4dd80cb8Cc6f95A0e74b6,122,42,9.4198,0.0847,4,34,4,4,17.05,13,0.8519,1,1
0x9f1095f04a5f01D1a1bd13968625a976e6802214,39,23,17.9321,0.1931,3,21,12,1,28.22,5,0.3383,0,1
0x7866EB07c666A60AB2E1d53f453d5b017CD5fEDd,1500,173,4.2133,0.568,0,10,1,6,89.82,0,0.1688,0,0
0xf107F7DcF900Ec26fDAA1Ad8021F89C5a4c99CC6,973,525,15.5596,0.9497,0,14,0,4,94.79,1,0.3561,0,0
0xbA532e0534B67AC6dc166698C8293E3Da61898e8,60,42,42.5654,0.1685,2,44,3,2,48.12,8,0.6314,1,1
0x70322d4d8e9E6f7C7f7BABC4ec8f68BC0D7CDea4,12,8,3.8839,0.0181,5,24,6,5,48.24,13,0.4742,1,1
0xF6531A1618030B3daFAf235a3013344cDa1cD29F,31,58,12.1246,0.2424,3,29,3,4,30.6,11,0.6372,1,1
0xdDCeEaA6D31AB0dF0B6Cf4db0A22D3FBc0Bf01AD,468,516,1.8912,0.6256,1,10,3,9,62.34,2,0.1806,0,0
0x86b87AbA66e89dB21393bD574f45c77B793Fe492,1380,183,2.3396,0.8699,0,4,2,6,56.93,1,0.3581,0,0
0x371bf48342254f77D0Cc10cFef29e730B3001585,538,157,1.1666,0.8501,0,14,1,11,48.54,4,0.2586,0,0
0xc45502dcEB9758020871b87A614b5972A3D74Dc8,73,9,2.3117,0.1319,6,27,6,3,0.0,12,0.8881,1,1
0x5Fa789D00a1FF6064d84120809118A9Bf5EB2115,686,160,22.5466,0.7241,0,14,1,15,65.75,3,0.0348,0,0
0xad6ACD0AD43f5DF76e8DE1af33c27823d3D0edac,9,254,13.818,0.2051,4,34,11,3,36.98,9,0.8305,0,1
0x7590d56a78C188761D51BFE3587Fa0d912018C71,107,9,54.3873,0.28,5,34,9,2,52.4,10,0.4743,0,1
0x4674f326de3366f930490bDB222390dcaBFFC1a6,7,18,2.4681,0.2556,2,41,8,5,33.54,5,0.8078,1,1
0x4e6Bc6d38256Ec4C319BE57c10183BC392393327,884,183,6.8487,0.7968,0,8,0,19,85.51,1,0.3257,0,0
0xFbbA58D0C952f173Bbf31FA45114d130739eF75b,51,7,6.9507,0.0885,1,32,13,7,47.73,8,0.7693,1,1
0xC6bE421025E9B164F7070DA6F306Edf6DbcE0adC,220,335,1.4208,0.8238,0,9,2,10,80.35,1,0.1322,1,0
0x7267810fF5EC72262f933Cd956E8D495107E150e,20,15,1.9081,0.4437,4,22,7,4,14.48,14,0.634,0,1
0xD71Fb36BE1F5D34153a2826392bAbc0261357Ca4,737,222,1.8311,0.7852,0,9,4,3,76.43,0,0.4042,1,0
0xDa5f8376D09f93Cb845DcB4fdf6A4915938154BD,664,369,11.8914,0.8731,0,14,3,7,86.99,1,0.14,0,0
0xd71CC21ADaD7e046d9A57fe24f52dAc7149657b3,870,144,4.8035,0.8483,0,19,1,5,79.68,2,0.126,1,0
0x91612A33705BdEB6c3Bf38EEEd50F885426B4c62,59,34,9.2379,0.1397,4,34,8,7,39.4,11,0.6516,1,1
0xA57D3c742569e3a3C292Bf6898964656652a205a,16,13,5.7154,0.2468,4,32,8,1,28.27,11,0.5421,1,1
0x52CC2253f5C9e2Bc16524078DfFF67b3C0298885,240,262,4.2058,0.9302,0,10,0,16,91.26,3,0.4729,0,0
0xf72b82472076e18fE1922bC6a3883b3F4Ca90176,84,6,2.6021,0.1373,4,24,8,3,0.0,9,0.7347,1,1
0x7337dc24049A350848E7c581dA7C1A82d38b3474,183,146,1.3585,0.8308,0,12,1,12,70.77,2,0.4125,0,0
0xAb5EB6aCcAC4dbe9FD4BF7F2c60743cf7CE4011e,10,45,8.5439,0.2211,4,37,4,4,40.73,8,0.6497,0,1
0x99460A431150590C44a1DF288c14DC543a9B300D,8,9,30.8123,0.2925,6,30,5,3,49.95,6,0.3616,0,1
0xEb2DDB38AA528762389e96CCCa3B8e2110349619,12,28,110.368,0.3205,5,27,7,7,24.26,12,0.634,0,1
0xbdE0FD233698074930763D51949679B610248f1a,139,21,15.9973,0.3597,4,25,12,7,38.09,8,0.7469,1,1
0x01f319a4805Cfe6dF0Dd6e78577F1B2EDf17BF82,775,260,6.7147,0.7591,1,13,0,12,69.24,2,0.2022,0,0
0x713eADaAf1f2C525220E093600F8C5e280dDC9E6,24,54,5.2769,0.1404,4,38,14,2,28.33,6,0.7936,0,1
0xdc13fF9BFe8B08AF8aB36DdA824163E1680Dc7f2,1389,56,9.8099,0.8383,0,9,1,15,54.87,2,0.248,0,0
0xEcAC0B3ac50d3bDda5a525eD2616Ce406Ad2b6dd,71,31,10.2734,0.247,5,28,14,3,29.34,10,0.4164,1,1
0x071cE455ac7A53A5550a8B2c9645b008831dbC3A,164,147,0.8661,0.2831,4,36,5,7,18.54,5,0.406,0,1
0xd8274e7b6C130d15c6aC78695F4AB39BCd76Ba31,126,14,19.6208,0.3929,4,24,6,4,35.18,12,0.3384,1,1
0xB0C3b10b596f3bBFc95b63aF8920B41522601D72,42,164,25.9227,0.2764,2,31,10,5,28.63,7,0.6569,1,1
0xC6E9DEFDB4A19E10ABCaeb42065751b943a9a42C,15,152,4.9191,0.3071,4,29,11,7,17.92,7,0.4877,1,1
0x3eB75cAB023b176A3141Fd98Add7Bd54efA99100,24,23,13.0224,0.4999,1,28,8,5,27.58,3,0.5771,1,1
0x083Ec786afc9463b58aDce97262abB0b842e4283,221,237,6.0525,0.7497,1,17,2,14,51.5,0,0.2641,0,0
0x0761367CE8C10CBC22df3cfc9A7A0346fADDbDAA,321,258,4.681,0.5771,1,11,0,4,73.96,3,0.2344,0,0
0xC43ff3db90C2d55f8B5576c811c66a732A5a231b,1309,519,20.7684,0.8062,0,23,0,15,79.67,1,0.1154,0,0
0x385b2e94B149c43d597aab1a16Bc09124a2e27CC,10,116,1.6766,0.2945,3,26,9,6,32.39,4,0.8786,0,1
0x73a63e50c6d303564f69e085dC4621fc0a85016f,10,94,9.6105,0.3536,4,34,11,5,26.92,5,0.5062,1,1
0x4480ac0Ed50D76c13B94885026396d1eA8d578CD,338,209,19.1532,0.914,0,7,1,8,74.75,2,0.3487,0,0
0x1e2eD4E30d470299181Ef8E45765d82a115Aa9A9,1500,500,4.4871,0.6204,0,13,3,19,52.23,2,0.5537,0,0
0x8D1E3Ad72C989250D0B634dabE1165b8b861536D,38,13,17.8466,0.0795,5,18,10,5,4.49,7,0.7191,0,1
0xdc8c0B021Ee69dcEDd4014b81F429DFF6FbDf7Ca,894,157,4.4201,0.7013,0,10,1,13,82.36,2,0.3688,0,0
0x66224A7AA5e05B55D08a61264b2C80807C42D4D2,83,6,47.5135,0.265,3,17,6,4,1.74,12,0.6403,0,1
0xc722B30454E2B9e51b601b46BAdebc24B9585944,250,52,21.7436,0.1257,4,32,9,6,26.33,2,0.6758,0,1
0xC10D9a330DfCC936a6F082f4fF43f76A3F87868b,90,5,4.527,0.0952,3,25,8,4,36.45,6,0.3773,0,1
0x9Ef2aB952A6Efd499F5a34c0E31Ff8b97E51f9dC,206,856,13.4767,0.686,0,15,4,4,88.3,2,0.2402,0,0
0xA8c0190E46b24B2d21e89D3b9be94463D1C048f7,39,19,84.3724,0.1607,3,26,8,6,18.82,8,0.6116,1,1
0x30C41DFccA5aBb44084151439fFAFf4c4A75F8F9,26,14,0.5901,0.5089,3,25,11,5,33.03,8,0.5037,0,1
0x091D22c4c5b40B43C4C14d98e6b06aEed4aEab1b,191,201,12.7444,0.6411,0,14,2,11,55.15,2,0.1289,0,0
0xA0d06E18FcE4C38009bc40C4539bBE7B3Dd2675e,707,441,1.5544,0.8117,3,19,0,5,93.48,1,0.1074,0,0
0x7BF00cBd0313786E28D36C6c06B9a1D4C420BA82,1412,310,2.1508,0.7506,0,11,2,6,90.06,3,0.0842,0,0
0x4e080552Aef395eD11842F7Ddc2598998Db2f5D8,1500,30,5.8197,0.7253,0,8,0,5,66.79,3,0.2976,0,0
0x3C9f20E136F2D48C89141aF1c5A329c48f89efEB,195,192,4.7104,0.7799,1,11,1,6,66.98,2,0.1571,0,0
0x8035181be43C4878a56F7c4728C1f9609458684E,192,19,8.6097,0.195,3,25,12,2,41.84,6,0.4185,1,1
0xE6Dd2D6B2Dc16F9884177AAb6a0048e29737A270,12,19,6.9143,0.2229,4,27,10,6,33.42,12,0.7624,1,1
0x9689C72E573FD1540d177a8d39204Ad934C18a8a,181,28,5.6403,0.2578,8,37,9,3,42.92,11,0.6834,0,1
0x2163613C33085B07EB198F61c2866bfb132Ab75d,56,5,29.4748,0.4494,5,23,9,2,36.89,7,0.1644,0,1
0xb4973807536B0BFcD836659B3E27B5f6910A33bC,65,86,1.7499,0.5672,6,34,9,3,18.05,7,0.8781,1,1
0xC8419CCfC790a871D11E2E10A4966ac362a6fA5E,493,86,0.3911,0.6179,0,9,2,4,75.25,1,0.2319,0,0
0xFf7c9cCAB19e359F852a8342D54b12428f0AeAD8,240,12,39.6992,0.3332,7,40,7,1,44.95,10,0.6418,1,1
0x5B9276C48b175d93ED73D5Df260EC0f91bdf0cD7,82,78,5.0971,0.0326,5,29,9,4,20.05,6,0.4851,1,1
0x7BBBb930cb4483EaAFBEC0B9b845E91E8e42dD04,287,150,2.964,0.8473,0,16,2,13,75.4,3,0.2747,0,0
0x6f93b986FC868a521F94b334f5822F44F72353bf,1500,43,7.3881,0.5487,1,10,1,3,73.23,4,0.1291,0,0
0x3239F8fAFa5BfC364C91cD3089f9C485372B221E,44,5,2.6151,0.2519,3,22,9,5,38.26,7,0.3446,0,1
0xd9cC0261A49fD7E3bb131Bdfef62a258cB5E3fc8,100,6,27.3479,0.2642,5,25,8,7,49.77,9,0.5359,1,1
0xb09Ed58Ed1F4C434Eb31e1862d999C1d854Ac86b,27,14,2.5381,0.2185,1,38,6,7,24.36,11,0.7971,0,1
0x3F0aDB14FFa7E5Be87923eb20402A32056464EA7,377,14,17.6428,0.452,4,35,10,3,22.17,10,0.6515,0,1
0xC5Cc5468edaceb3A707C423dcaD97CAb87099d2F,163,64,11.4688,0.4398,3,24,11,3,16.3,5,0.5622,1,1
0xeeAA0f93BCf54De0f3071bA56b3f5Ac40973E41F,1500,281,1.1981,0.8082,0,13,0,3,72.86,2,0.0733,0,0
0xA03FB6ca44423827c8a18F6383b21590742633BA,454,95,6.2655,0.7542,0,12,5,15,85.14,1,0.094,0,0
0x578c9092e684B80fc732767cE00580f64F804f94,31,30,15.4676,0.1728,1,24,13,6,20.91,7,0.4455,0,1
0xe6e336Dd3Bc966d34a22d9E132180408c519a394,42,109,200.0,0.5323,1,30,9,7,15.75,10,0.8729,0,1
0x7f420B8f0C7C7C36b0007EfCe17CFe610c9681A4,1227,311,2.5478,0.7322,0,13,1,14,65.35,2,0.2624,0,0
0x6bd99bD61f7549C3Ae0291E66267363f83dAA6d9,766,133,12.6196,0.4366,0,13,2,7,56.58,1,0.0904,0,0
0x7946B41A8d50ED4042EFcB8b174E5150DFf93852,128,86,5.8893,0.2626,2,28,8,4,14.33,7,0.4004,1,1
0xb7dA7f7698FD9b6Fab2458d363c5f40313A96abA,155,94,161.8431,0.1046,8,32,10,3,33.04,10,0.6594,1,1
0x9A49fde6dA8a56932BE4CdB38819FeB3CfF2f099,102,24,25.2005,0.2816,6,29,11,7,25.93,11,0.4419,0,1
0xEC575bd62ab8063B06E08bB6F0507Ac28F9E1fFD,60,48,4.2484,0.3512,8,26,6,6,32.85,6,0.8677,1,1
0xA4D9896cF8AED2e60e3F0002B679806B786681B6,284,189,4.6374,0.9509,0,20,2,15,71.64,1,0.1597,0,0
0x85089B9A6e77B889a439059211E1c972BB56bCEc,110,10,2.4309,0.5059,2,26,5,3,38.13,5,0.8619,1,1
0xFC29a13D30BE5923Fe2EB03211FFAe46a7fCcb1B,705,625,10.7444,0.8878,1,12,4,15,85.31,3,0.1341,0,0
0x2633eF29f4ba6A940F1B88F53fF8C75E0c757f95,51,22,8.8337,0.1473,7,25,7,2,16.55,7,0.5551,1,1
0xc12C6b5d3100B8ce9Ce4a0fA90246305DD832469,1500,394,1.2981,0.699,2,9,0,18,68.34,2,0.2003,0,0
0x1f3F8E5195d7Df871D32f60cc39C6819d26aC3AE,99,36,2.7231,0.2702,5,28,7,4,11.91,7,0.9297,0,1
0xcF6fe1B496973F01995469ff10BC717D341aB10D,345,145,3.44,0.9034,0,10,2,11,69.49,3,0.2036,0,0
0xe4043dfeD2B4A9Db0886a74A8A7d92aF0c99C069,1136,648,4.172,0.7922,1,17,1,17,71.8,0,0.2385,0,0
0xcd350D0dD374C42a35467C708674202Ca6D33eFd,101,9,44.5122,0.14,10,32,8,6,40.71,7,0.9039,1,1
0x258f19134bBA4331A76Fe0725984DC9609795b28,41,63,3.6151,0.0242,8,27,5,6,46.99,14,0.5785,1,1
0x3f115A70e989B6D0158213964bE1E852E48D4Bd0,183,205,2.3597,0.7545,0,9,3,13,67.97,0,0.3833,0,0
0x96600A8b2E1e1D42Ca192bD206A8aBF5875021aB,81,21,5.3642,0.1199,7,23,6,7,30.19,8,0.6938,1,1
0x2D294262100E2708343E0fe48cFa1BCC044629D7,373,5,145.4977,0.171,6,29,5,4,19.45,6,0.5845,1,1
0x1cc6C6e0D9f1589F2cCCb8Fc868D1009f6e9219a,203,537,4.3352,0.9708,0,12,1,19,79.38,0,0.2158,0,0
0x47CcA42c605cC7AE3c1af171d5f88e8cd6C26caF,1308,381,20.8621,0.8886,1,11,4,11,62.76,4,0.2034,0,0
0xbc7D8523E79BD5385Fa755dAC3cf85A3a952f582,12,48,15.0339,0.5004,2,21,8,3,20.83,5,0.4749,0,1
0x2689B02deb6c44F6827CFB0c8BA4463ea4009Ce6,138,28,9.2663,0.1588,4,31,12,4,30.81,7,0.243,0,1
0x51C83F8cb6Eade62A6d370A911b5A375ab831d72,59,30,3.6647,0.3308,5,20,14,4,40.94,5,0.795,0,1
0x2bedB80682812f1757E59B5700987B49dc93dA9e,574,270,5.7199,0.5825,0,16,3,10,79.82,1,0.2356,0,0
0x7C6f202D5D048Fa878d8AA80c187C4CC78Cf1e71,269,84,7.114,0.8472,0,8,1,14,49.03,2,0.3854,0,0
0xF949782f5e312370dcDD6bEE95d31e9B458636A0,80,11,2.53,0.1037,2,29,13,4,31.52,6,0.4428,1,1
0x9c881E81bFcf80cE3096577E42aE08E0Ce70Ee4a,66,7,23.0426,0.3793,4,30,11,6,9.22,7,0.4456,1,1
0x26e81563AA8be0e8499f4f132A00FeB39AcAd6c8,29,19,13.0958,0.2186,5,28,9,6,22.93,14,0.7731,1,1
0x228e795ca321D979d54513e0F4890EaF5Ee2711B,170,64,56.0437,0.5432,7,21,12,7,21.64,9,0.736,1,1
0x99DF8CdbD2A49D79300Ee661d45298d4F7ee2046,100,35,1.6876,0.1393,8,21,6,3,29.53,7,0.3237,1,1
0xDc010D5c2a1dcaaa65f3dD6AC7702C450183FBDE,34,7,10.472,0.4377,1,25,7,7,12.56,10,0.9739,1,1
0x058d596D5eDa4fc580E417e3900323eD1289eE87,45,6,50.03,0.1673,3,27,6,5,23.09,12,0.7472,1,1
0x2da253957ebdc856704010b7c47F525044E43E18,1295,642,7.8532,0.9249,0,16,1,16,70.96,1,0.346,0,0
0xd500EC97f47b59A56845a893e33d53d05D45Ea3e,35,6,200.0,0.1756,6,21,8,3,39.21,13,0.871,1,1
0x01509EF5F3069519800F9BdF7c6D4700BAEd6984,119,103,0.7478,0.2451,6,25,11,3,27.69,9,0.7722,0,1
0xdaf09ebd8c394b1536885f52C574AbCB9A332113,1500,212,3.0527,0.8025,0,15,3,17,67.88,2,0.1,0,0
0xb1B6a4C8176db4247AbB3139DF48854D1E5df366,1185,478,1.9972,0.8702,0,9,0,18,71.39,0,0.1733,1,0
0xf01C4BF146188bb07254Af1a1171C5CC18fA60eD,668,72,10.0826,0.7733,0,15,0,14,62.48,1,0.0135,0,0
0xf46b65a49C3Aa391D47e1B9574b66b2D49E7c100,466,1154,18.7532,0.7695,0,12,0,3,58.51,3,0.043,0,0
0xbCD34F9F65A6D31Ee682A73b83D73Bf06f998f41,36,19,16.6212,0.0861,3,20,10,1,37.46,6,0.3067,1,1
0xDE6f7fdA35e9ba5f5a50368f07243Ae18dA25db7,243,33,1.4748,0.9222,0,14,1,5,79.24,1,0.077,0,0
0xA638c8Cfb112345Cb107Aa0D9E28f356B0082dDE,156,35,25.3602,0.3798,2,31,11,2,27.11,7,0.3099,0,1
0xeE89DFad9DDFc746361943080095b487B58ccFe2,115,154,44.8346,0.2623,3,33,7,3,41.99,11,0.8456,1,1
0x99Cb0AB8b9B4382FBC1D60b4A47267f8554d03Fb,366,149,16.5162,0.8115,0,15,0,11,72.68,2,0.0021,0,0
0xD810F819D7862b1818C474629Fb6B4384e09326A,82,51,6.8617,0.0962,7,28,7,5,31.26,8,0.539,0,1
0xeC98704857405AF4116a58Fc361301242f573446,322,1131,8.1922,0.9807,0,10,1,5,64.31,1,0.0639,0,0
0x4B7C6C17A0a7479Cdf0670C17B08fEf5ECe024d1,210,476,3.2897,0.9276,1,14,1,17,64.82,2,0.3468,0,0
0x7bE8aC473Bf6A98B82a953E00829bD3b14323355,1329,584,7.2622,0.8104,1,11,0,15,79.81,2,0.4573,0,0
0xAAEE8923E06b8db1A1838cb3Ed16d694dbed6696,9,9,2.2744,0.1129,5,35,6,5,38.61,7,0.8046,1,1
0x86E8F543cBa4D2678FE3f25fBC8C9f7b9bf467f4,582,270,6.258,0.8474,0,12,2,19,81.29,2,0.0828,0,0
0xC9A16618dDd84268f605D0E7ae65588A2095A77C,443,184,12.5608,0.4307,2,16,0,15,74.28,6,0.1222,1,1
0x27c83DD0346618F76fc3b478E1670100A68CB800,589,81,9.8811,0.8306,0,20,1,15,89.98,4,0.4998,0,0
0xbC5Ee4681a36d1E7a2cFb1d4eEfFa03FB690a2e9,484,585,6.3451,0.7052,0,8,0,10,87.48,2,0.0682,0,0
0xAff2Be2599c3C0F0506a25d5e3E83C009fe6a26c,62,85,48.5472,0.3388,6,27,5,6,33.19,9,0.3924,0,1
0x047D50ADCBc87E0be4cb9A04dEB244Aac8F2E99b,571,619,3.9185,0.8284,0,12,2,9,88.4,2,0.1098,0,0
0xe06F56d0d71754eD91C728Fa467084de4c4B6B52,1215,328,2.133,0.4272,0,8,1,10,80.64,1,0.1954,0,0
0x0DE33f498774b3147B55Bc7A9D9e2122E315D230,82,15,6.906,0.1806,4,34,5,1,13.31,8,0.7417,1,1
0x3617f6217eF5b042d710847cf36c33ea44Ab22b3,40,44,1.1947,0.2811,6,26,11,1,34.81,6,0.4742,0,1
0x06D804df027b0bd3A09687d743b41958a3FC48fA,33,5,8.3174,0.2922,2,30,8,6,16.02,6,0.8299,1,1
0x7BfF9b1fCB270FC2daa78A3C7549A92478ed0E8B,1500,515,10.5866,0.8501,0,17,1,9,80.19,0,0.5066,0,0
0xa4546a201859bE10Fa4C1bC00F409b9DB577Ed6C,45,53,21.8333,0.1182,5,21,11,4,50.38,6,0.7363,1,1
0x314214e144F7894C190838d4dabB2C1Ef9b6DC97,31,5,3.1021,0.1676,6,35,8,1,48.84,9,0.7647,1,1
0x2fd92834B0C5d3dC3A231671C300205a4f63A887,15,10,5.9512,0.2765,5,30,6,4,24.32,6,0.6206,1,1
0x14837b85aEba7e42bC289b58dEb57E334286D1c2,16,39,2.0522,0.024,5,29,8,3,36.81,7,0.7137,0,1
0x33C546C4d28ED5DbDC495005A4f3fE7740F81E7F,69,17,10.4994,0.1896,6,30,14,2,0.0,6,0.5429,1,1
0x1AFd503979D6F4d00C224BCc2876Cd9c1d3a2fD1,25,27,1.6582,0.2914,5,32,11,2,47.25,8,0.829,0,1
0x01fE2E61Fc44228822Dc7339C98FB2CB9fF17715,74,122,15.1943,0.3855,5,21,5,5,16.3,5,0.5767,1,1
0x73A45C912189ea303146bE9282aD55738Fa04B48,653,105,8.4858,0.6794,0,12,0,12,68.73,2,0.2561,0,0
0x192096243Ea4c2B456e50A77CecE7a436b0Da8D1,414,406,9.4328,0.893,2,12,2,16,63.29,3,0.0843,0,0
0xcDd863A47EE5045e2dd65215aA8De8a5F11980f8,978,204,1.8808,0.7399,0,13,2,3,86.32,2,0.1455,0,0
0x56229C35D19D96A4026d4F43C88d036d77cfe5Df,118,14,33.1516,0.3772,5,26,6,3,34.26,6,0.5156,0,1
0x57e2EF21BC5288FDD58b6e25B7fd5d6aAA3E01b1,93,9,2.3938,0.2655,6,27,11,3,54.12,10,0.7298,0,1
0x32271821E9e4BAeE79Cf978bA31a7D4daDcd8711,270,10,17.7901,0.1787,6,18,9,4,6.66,7,0.703,0,1
0xB80F03557231ABe314dC90959a3EC732dDb78286,424,352,103.3115,0.6437,0,14,1,17,88.65,0,0.2823,0,0
0xE84D082C1854d9a2EFa30f4a2c462c2EcbCd564e,22,90,92.7974,0.4114,3,26,7,6,33.94,10,0.7007,1,1
0xE956a2c7345e8E897765ED72a99B7ce2fA7563df,213,292,2.5869,0.938,0,12,0,12,70.83,1,0.2832,0,0
0xBed2870E31cBFfB85faA87C6b6d718bA2014ab1d,834,307,12.5855,0.792,0,15,2,10,72.49,1,0.2203,0,0
0xf676C683e0d5Ac866D44bF1A6E83e7b962332715,96,33,32.034,0.1399,4,27,9,5,15.3,9,0.5119,0,1
0x397C2f4bA8f5000f1df5D331b8E58BD472d9549D,38,35,4.0837,0.3537,2,39,8,4,45.5,12,0.9313,0,1
0x3bb9d40096CaC59836b417D380c444c2A592069E,496,157,1.7264,0.7082,0,16,1,16,73.76,0,0.0954,0,0
0xee52631d526f2597038B0e7A854f279a96de2e0F,294,33,1.0951,0.0357,7,39,9,7,25.53,9,0.5708,0,1
0x018De18b28B23D87cf83123Db1Fd24C97d1A9B4e,636,237,2.4292,0.8488,0,8,0,16,54.24,2,0.2979,0,0
0x9f02b39d3c63613FDe738CF63a902da3a177D913,36,7,0.6357,0.3247,5,26,13,4,31.67,14,0.4501,1,1
0x24dc76f3a5a4ca1c92aA071e9035c815958a5E3c,378,125,4.291,0.9457,0,12,0,11,76.01,5,0.4527,0,0
0x1E40E6F03aFC0c1f4D0606e4a272b3Bfa15925c5,434,331,5.694,0.5499,0,10,0,7,73.03,0,0.2407,0,0
0x81cf7bA9b79eDF9B9549ecc39ddC68fD86118909,600,512,3.8786,0.8106,1,10,1,4,74.58,1,0.1011,0,0
0x77D74f973010f8ebE2995aaCD28A012dE72bf327,1005,623,4.0164,0.8503,0,9,4,15,84.35,0,0.3366,0,0
0x66C6c2162eAc03e04658d5d82d9943a1c8e24238,236,259,10.9721,0.6223,1,16,2,7,78.99,1,0.2024,0,0
0x8beFC03C9E33eC6E1A79c01D89e798a2cCbc3386,7,39,40.147,0.0419,2,27,6,2,13.21,8,0.7949,1,1
0x14813F629858B387746092Ba3339dD362CE25e33,475,140,7.2387,0.7996,1,6,0,4,62.12,0,0.0865,0,0
0x81bEBD6cCD087f40e373385Fd082A915CF901f7d,698,229,2.4703,0.7339,0,8,3,15,78.01,1,0.3472,0,0
0xED0675c59Ff8b2CE6FE8EAbF9E623C27C0250236,571,134,4.8826,0.7227,0,12,1,11,83.24,4,0.1936,0,0
0x12Da7d62FA63d6A59411A7C1179DC10321E4b970,262,120,15.4223,0.8581,0,11,3,8,91.12,0,0.4473,0,0
0x32FBA3446E443f4CFDF7E41F5c6d78580F1ac403,178,11,34.6031,0.3076,4,31,16,4,22.07,8,0.7982,1,1
0xDF94f82Ea121B2aFfb800BDCB2bB0bA709BA9953,463,250,13.1445,0.9115,0,11,0,5,70.97,1,0.0919,1,1
0xf712eFe1Be7CCE42D9377ad0479bBEDEaFe549A1,521,377,1.2296,0.6411,0,7,1,15,83.84,2,0.0989,1,0
0x4c98a657BeAAcAd26013bde294D60ED4d2aCd534,109,13,47.5086,0.1313,8,30,9,5,28.53,4,0.6049,1,1
0x92A9071b8B9465F6768713f84C2931e79DF555b2,198,99,2.5024,0.7643,0,16,1,18,81.36,1,0.0744,0,0
0xC075F5627c331d6206d0E89C4c5EBad5A8c4db9f,135,5,5.7461,0.0513,2,24,7,6,32.39,6,0.7968,0,1
0x7084ceC63A28A0Bb93F225a5f90Af4C72DA60dEb,396,79,3.277,0.5465,0,11,1,14,71.63,1,0.072,0,0
0x8a6fff3907cD346A5b6181C313B8969540ac5596,179,36,166.7094,0.4072,3,29,10,4,0.0,9,0.8063,0,1
0x1bCA9a1e7Aa848CB2AC58BA33E51910012897684,32,62,7.429,0.1999,8,25,12,7,39.32,10,0.7611,1,1
0x66B5199e3C4c15BB6A569C8694caDCbB09470a06,348,248,2.2467,0.8947,0,15,1,9,67.99,1,0.059,0,0
0x5bFb796976A5AE02C8a7559a20166784DD3545D0,273,172,5.1903,0.7442,0,9,0,3,78.12,1,0.1408,0,0
0x145c2Bf5AA44F61F707F5B7ec0D5267Aaee9C218,340,368,31.6316,0.756,0,14,0,7,82.8,1,0.3606,0,0
0xBBCd931e51ffE756eE5fD2260e58342aB38889e7,214,127,3.2178,0.9006,0,7,1,6,78.13,0,0.0863,0,0
0x9000cFf50bAFbf3c6bDa5F34d87745755693FB1e,404,135,2.7424,0.8766,0,7,0,16,53.01,1,0.3918,0,0
0xC1c00dB670Da5B99BF999374568e5c4c007996B8,803,109,6.369,0.7054,0,5,1,5,84.45,1,0.1756,0,0
0x8163a0112e40e5B93972B3106E220D08CA43310D,1448,504,4.7494,0.8369,0,17,1,4,78.03,1,0.2025,0,0
0x24510aeA8995cb652222466E97385ef483fF4Ae9,584,399,1.821,0.8296,0,10,0,5,74.63,3,0.1537,0,0
0xDa63cAc329D589DF7A2C871d16FA62Cde93CF788,789,278,9.0144,0.4862,0,10,1,13,65.22,1,0.1492,0,0
0x5663F0223AEB81F557EEe1c2f94847435bBF2C75,263,10,132.9083,0.2279,4,32,10,4,24.32,7,0.7114,1,1
0x745c274dB1B268E1F568CF9Bc65E2a2596bbdB97,560,436,2.4452,0.8921,2,19,4,3,61.93,3,0.1647,0,0
0x6ce602564E1C299d0Ff5fD9b98aa01b6fd86ed4B,97,120,3.7455,0.4077,4,27,14,2,22.24,7,0.4047,1,1
0x39e8bD755a709213b3357436C313e3c7D629A4E8,128,53,81.0075,0.5978,4,18,8,2,31.44,6,0.5143,1,1
0x849845e6Ba6917C252780D9b6bc34602CDdd1CcA,501,632,9.8218,0.5539,0,12,1,13,69.03,1,0.1136,0,0
0xeC6b0614CB360c63bf6fe4C2d936f15D67d7D261,325,200,1.4215,0.664,1,14,0,16,69.48,0,0.4521,0,0
0xb66A965AD9c29B7ddc561e0fe2c2AA2F3b99Eef3,529,330,3.3669,0.9362,0,7,1,18,63.93,3,0.1548,0,0
0x6aB66BB5643Dd07E35b779F3a830AEdd1c48f6D8,71,25,3.6314,0.1017,4,21,11,4,35.72,4,0.7499,0,1
0x82baF1749ba44d9D04dFe9402eBE4A92c55353e6,426,192,5.2844,0.763,0,14,2,9,65.68,0,0.131,0,0
0x8C7dDa19c8Be6a6CfC61575E50440a76071eAAC0,213,1029,0.7799,0.7655,0,12,1,8,54.08,3,0.1487,0,0
0xF583B9C92B930D9ecaBbDC689e05092740D53DbF,576,174,4.0609,0.8232,0,18,2,11,82.37,0,0.1669,0,0
0xC792453D5AEE4A41c3440eb57b5b0Ef63b3395F1,307,295,3.7094,0.8394,0,15,0,10,81.34,1,0.1117,1,0
0x8393b1022425C8b19FfB22C5c085e3bF7d3BcC4e,319,163,0.997,0.7559,0,12,1,10,82.39,1,0.0579,0,0
0x0d133FF38EB394Cfa6880524bF7883afa551c354,248,121,29.1066,0.7248,0,11,0,19,62.35,0,0.2523,1,0
0xDA9D4d5c09A4bE9f4c4333C93034e38cf76B68DA,29,5,1.2168,0.0103,2,22,6,6,49.52,9,0.5071,1,1
0xf448a2B537cEb19ed5bc5f7df8e7A390bA1007A2,80,12,2.6412,0.1994,9,33,1,1,35.43,13,0.6062,1,1
0x18858554588b71b6612C3a0Cc6507c93ac8a8729,175,77,8.5436,0.0566,6,34,9,4,37.08,11,0.7222,1,1
0xeF61Ae2c4dd04d2b102FA101EA291459924889c0,59,256,0.5921,0.184,4,36,11,3,20.66,10,0.5114,0,1
0x108AcA7B62516893aE94D494b5bEe105495500dE,45,26,85.5539,0.5565,6,24,11,5,6.22,8,0.4334,1,1
0x0B4D0988a06B9486c545722B000287CF3B154592,779,272,0.7979,0.9095,0,11,0,19,43.7,3,0.1284,0,0
0x5EAF15EC6445eCA115Ee9384194Be822b1B33ce1,10,12,2.976,0.4951,4,29,7,3,12.82,8,0.4157,1,1
0xC4bD489Dcd0C85E9765948f76b4C551AC9226E81,254,350,5.6026,0.8209,1,9,0,8,69.1,1,0.1032,0,0
0xAA04B8F1600CDB483ea54FcfD66617761174C243,245,17,4.3756,0.1304,4,35,5,3,27.33,6,0.8231,0,1
0x2EA46feCB6d08aD393E2a20dE9a88Ca404f816B5,132,98,2.7727,0.3917,4,36,7,4,28.2,8,0.3189,1,1
0xE9d39a0Cc4A4c7765C7a78C677403Fde5c33e908,639,204,15.3463,0.7096,0,23,3,9,59.92,2,0.0429,0,0
0x47c9D4811129F0854c21236F3D1a4fd6ac782350,32,56,2.1541,0.1387,3,29,7,4,27.16,11,0.6655,0,1
0xeC5C96f03a28C7D0000608C6701DaCf8869B5Bda,63,22,29.3689,0.4037,6,22,10,5,13.07,9,0.7862,1,1
0xbB2aC4965178Da564c5d10b1270bde09d81847b1,209,583,7.6485,0.7219,1,13,0,16,97.77,0,0.3074,0,0
0xEC8999C78cc1fe15A0304ED189883d9E5a113Dd9,684,311,1.376,0.7423,1,7,2,7,97.14,2,0.2898,0,0
0xa04c36d1df96063e7dC7e58D98133d970B645D86,278,8,13.8763,0.214,6,28,10,6,11.33,9,0.5185,1,1
0xcF218935e373b5Cb97f19557E16af5805C1b7B3C,32,50,20.4872,0.2064,2,26,9,4,41.12,4,0.6396,1,1
0x9c5283f77fBe533E04dBf3eD5813995037D39838,62,11,5.1875,0.2648,5,26,8,4,18.57,4,0.7247,0,1
0xC1825DFA24334a3719Dcf3f752D721223ff8b113,15,45,1.5721,0.1841,7,38,8,3,15.5,7,0.5625,0,1
0x19963DC205337adae76768B4db1D640a9Eb6B272,37,37,1.5757,0.2491,3,27,8,1,27.76,13,0.4995,0,1
0x66a82D37a26E1C9BA1B11516c1af0447AEb51Fd3,343,165,1.7209,0.8684,0,12,1,10,66.91,3,0.3066,0,0
0x667c633C6d4868E4a3b25B8732EE82D1c5c5C49f,72,25,55.3196,0.3293,4,33,10,7,37.81,6,0.4426,1,1
0x4F1DcF4cf9070FDd897267d40263B8ACC93eCfE4,411,1358,1.2107,0.7803,0,13,1,9,84.01,3,0.1728,0,0
0xD9d308B99a19f9C2e55b2d9C477d39735715CB24,25,23,2.5252,0.1092,5,20,11,3,48.18,7,0.3458,1,1
0xda21b5Ce01AB176a2D49beB72c5B7004b8c1AadA,31,99,4.5704,0.3511,5,24,6,4,20.78,4,0.5156,1,1
0x25b545fF66Bc46f7B0194530e412F16eD3898616,184,7,4.8593,0.2297,4,21,7,5,2.75,10,0.6941,0,1
0x61e334C558cc25B8375E560768fB2aae36Ce8a7E,193,437,8.3495,0.8768,0,18,2,4,54.74,2,0.2757,0,0
0x66957c7D2c246665cd51d3f5bD38Da7aaaf5F27E,784,663,5.8467,0.9655,0,14,1,14,82.94,1,0.0984,0,0
0x0D6d434BF3b4C9fE895445a54fB6A095E2992304,25,8,3.3027,0.3482,2,24,17,1,18.09,4,0.7997,0,1
0x96aB5F965bA8d8248DD5CFEF142dd514bA32d900,42,55,106.103,0.1376,7,39,5,5,13.79,9,0.9376,0,1
0x4D64971f310bc0Ba5b76dAE3a5C707db7E9F7D14,973,198,2.8484,0.9105,0,17,1,3,95.79,0,0.1502,0,0
0xF8607d157989a2F2E7ad85e9D29aF6aCeF36b3F1,257,90,1.2835,0.9581,0,9,1,8,92.33,2,0.0873,0,0
0x6953dEd92e1F5047d65D57Ba98f8b08514816545,400,415,25.7796,0.769,0,9,2,18,84.22,0,0.3514,0,0
0xcc1894D37924EC1e8d5675321D3D897B046080ad,233,110,3.759,0.8498,1,6,1,17,66.49,3,0.1083,0,0
0x29678379FaC7229791Ff5EaA4C3De847eb37FC8b,429,31,2.7764,0.7252,0,10,2,16,76.66,3,0.2839,0,0
0xeD7413B5021FDEC65F36232118CAFfE94107A764,634,700,8.3538,0.8714,0,16,1,3,72.48,3,0.3287,0,0
0xD74398dDF0ec19404EC6a311A819baC52B147c5f,240,708,5.9629,0.8341,1,11,0,8,96.44,2,0.2139,0,0
0x1672154D05d4E63236231Eca5F4EDD36F1aA0D63,63,14,24.8504,0.2391,5,22,10,3,28.97,5,0.736,1,1
0xa00a4C66805040FB26C56a2cf4Cbf61451256B82,297,375,5.3485,0.8944,0,18,1,11,74.05,2,0.3437,0,0
0xf8fed37Baa1410158e01F6975A22a712BFc9dEc8,208,248,14.8809,0.9234,0,11,3,14,71.83,2,0.3493,0,0
0xb6EE4de7B4e5320585E796b07b19697d1DD2df74,42,39,22.0618,0.0163,4,30,10,4,46.34,11,0.7922,0,1
0x15B88C5a9ca9c2C16864E1E87FbFC4782080661c,276,240,7.8686,0.7319,0,7,3,11,57.67,0,0.0886,1,1
0xd3Aadb8314c55E6Ba61B1E625DE133f838788F03,55,15,4.2469,0.2652,2,33,12,5,47.4,11,0.3132,0,1
0x67e0D1F72a9D777759C25aba9DCfB1752fF405A8,152,88,111.2155,0.5873,6,30,10,6,17.44,7,0.7828,1,1
0x384c3C029B991d627f09Dc02FeBE046aBab38547,1305,406,33.5243,0.711,0,12,1,13,65.37,5,0.1265,0,0
0x49F9FC12B12f7FEda1bA01BEdaAF975A340777d7,159,9,37.8334,0.0719,7,25,8,6,60.55,8,0.5656,1,1
0xC29aeB88257E5DF8BBb7A05a288a7Fc828ce394E,915,70,8.296,0.8449,0,13,0,6,72.74,3,0.1558,0,0
0x0113bA32eCca3AbebDc2065041EB2DBa2D41F3fD,815,533,5.7049,0.8948,0,17,3,8,80.82,2,0.3352,0,0
0x1DEcfAB0c93b4EE456ADED3Eb04EAf23aeb0AC5D,704,207,8.0399,0.7217,0,14,2,13,65.0,1,0.1906,0,0
0x4c67d827D051b303F6D1995AcCa8c59D67249565,115,76,82.8,0.2709,4,27,12,4,54.46,6,0.5988,1,1
0x86B9dab018d65c2B1E3660255d1Aa4c75699365C,112,27,200.0,0.1252,4,26,6,6,16.97,5,0.863,1,1
0x78Dd724fE7D65563559f091fcB1BC62590275a51,192,1483,3.2618,0.8914,1,17,1,6,58.01,1,0.0627,1,0
0x6009413c6BBAC47709906c17521cbeF853A1CF29,776,135,5.9336,0.6707,1,10,1,14,59.95,2,0.1287,0,0
0xD278A2171558E7EbB1B44ECd8BbBbF6fA8e3dFA0,70,74,5.1601,0.1735,7,31,9,2,36.55,4,0.9042,1,1
0x04ca67910aB763548992D8d0d2214Da1e3C94517,323,1072,5.9308,0.8567,1,12,4,13,72.5,2,0.1382,0,0
0x9D3D9a127d391A14994aC17FD9633B466c6048fF,1032,82,0.9316,0.8196,0,15,2,11,65.77,3,0.0347,0,0
0x49a2C671F76d43827f06539132d300af6a036eE6,37,14,2.992,0.0522,1,23,8,6,32.13,13,0.7338,0,1
0xb479A40e9DbaF3025F1809DF7Bcf8c2AC3dA0d66,614,173,7.08,0.743,1,12,0,3,49.66,4,0.2276,0,0
0xa0530EE17908B6A544d2c5229702702333791Ea9,694,529,2.5254,0.8467,1,9,1,7,71.52,1,0.1284,0,0
0x4D06f2eae9699D05361c482c16bD70562F07A5D4,17,5,4.0053,0.1926,5,25,7,2,32.56,7,0.4869,0,1
0x5dcA51E36a9C8cbD35DB92A5B04149f872d15644,274,207,7.259,0.9025,0,17,0,4,57.51,2,0.1725,0,0
0xb824e83f9d07aAB10506AaA164046FF4537AB14c,247,346,4.2938,0.8865,1,11,1,9,61.33,2,0.2167,0,0
0xde4B513F20fa9cB604894a98CCea4f86Ec1d16eF,143,140,2.9642,0.25,5,28,7,1,36.78,5,0.4716,0,1
0xF4840B5F25040B5ACE9aC43E5Cdb3b39449fE9C9,268,250,6.9028,0.5372,0,11,0,19,70.63,1,0.3337,0,0
0x11A1B4e32dDD1909BBa77685df165195e9cA88c2,205,19,9.2342,0.3144,10,32,5,5,38.69,8,0.24,0,1
0x9bA0fb1d57EAac74d27d7b21931a7a1d3077f869,1500,577,0.6192,0.7134,0,15,1,16,65.48,1,0.1331,0,0
0x727C9ba94C40AA57dC3EA2e1db17478397A34237,201,79,12.705,0.2382,2,25,9,2,46.42,8,0.3861,0,1
0xDf456091F595d40189A58cEde0e4505986263A7A,45,32,1.0007,0.1099,3,30,10,1,48.06,12,0.3655,0,1
0xB1e2F13C7c8F69b209BB7b4Ffc7A7458f9b95c4b,46,16,21.9421,0.0629,1,27,8,7,9.7,4,0.8112,0,1
0x148d0D0db877Adb88DEc100d6f8aB9fD4C8E98e4,200,11,5.3615,0.3038,7,29,8,2,36.24,6,0.7891,1,1
0x56553cD5a1814355Cc940dC66B8a6b191505E098,335,26,33.7435,0.1579,3,23,7,6,33.15,7,0.3082,1,1
0x43fcb7E0605020cA208f7AfBec63e290700c13DF,11,96,10.493,0.0659,9,28,13,1,34.09,6,0.8005,0,1
0xBe1CE8f6891cd3b9Fd56fCFE93ac5e531bae41E7,9,186,2.0577,0.1316,2,19,7,5,24.0,9,0.4785,1,1
0xCf9D49b1A28BEFc1E1f2F906ac7304437D4Eb2B5,633,1894,2.2485,0.691,0,16,1,4,70.21,0,0.1397,0,0
0xd24Df11d9dEaC0694232d1061867B61a8EfFB65B,92,110,38.1931,0.0755,6,26,9,1,39.97,5,0.5286,1,1
0x857eFEe0AFBB54F4a3bAA4DcBE0BC20cEA34D8Cf,1067,178,5.815,0.8115,0,13,2,10,73.62,2,0.1808,0,0
0xa0EA7859456ae8Fbbf435c91C9168994A1Ee8176,214,104,6.672,0.7264,2,15,1,11,75.19,3,0.2303,0,0
0x86F9d269A3b75428E25d5C85b7dE05782B69eEB8,190,345,0.6872,0.8687,0,11,1,6,59.66,2,0.0882,0,0
0xB5c713395c2af29BAa560c53450c098D80ab31a5,144,36,26.4575,0.1687,3,23,6,5,53.52,9,0.6234,1,1
0x5F05902Df3e19388F4afD3c6BE76f95817FaE252,8,169,73.5423,0.4261,5,25,10,4,25.32,7,0.4017,0,1
0xce5baaE786C15485b1A25c1c4461dfaC298C0d4E,415,613,6.6224,0.7656,2,15,0,14,85.59,3,0.0916,0,0
0x71dd598Eb31930D5863F7Cc925D791E138b40673,1500,103,15.4474,0.8828,0,15,0,17,67.42,2,0.3926,0,0
0x7f30797E118174210456d4f6C7dd14d7Eb812320,301,12,0.8673,0.3271,9,25,11,3,35.55,8,0.6343,1,1
0x439B89b5228417F68ab0B88b024966eeA17cFC7F,199,358,15.4272,0.8139,1,12,2,11,72.18,1,0.2598,0,0
0x23c61f634e051c52619dc7F0C4B83FFd90744073,255,168,2.9524,0.826,0,11,0,7,77.73,0,0.2705,0,0
0xba9fB53178cF950E5A88469a5E79559926149099,490,78,1.2219,0.9433,0,14,1,7,79.55,0,0.2641,0,0
0x39c022c6f312FED260cE8d697F836b4bbAffDB75,1065,400,19.7206,0.7791,1,4,1,6,55.79,0,0.431,0,0
0xA80cCf7B41B42bB8F82efA7667dc5B9ac6eEc333,482,757,3.6037,0.9138,2,9,1,7,81.74,3,0.1117,0,0
0xEF19adC85B5757Aa12357911d46761F9B96169f9,537,1381,5.1704,0.8027,0,13,0,4,55.09,2,0.2263,0,0
0xBB0f483B3dFB187df0EBAEF7d2307cD615201557,26,79,200.0,0.3446,2,28,8,3,26.43,7,0.6132,0,1
0xF5E4A642C9890f1C430E2611e4CCF9B744A5f490,344,218,13.8106,0.7312,1,12,0,7,64.94,0,0.4449,0,0
0xC1d2235Fff82A033BBC1E7471fd2256008377d23,112,247,64.1334,0.248,0,30,6,3,15.67,9,0.4101,1,1
0x5f8aDd658E00C875128D2883a274fD5Dd96bfD4F,1500,143,18.3652,0.8783,0,18,1,19,66.72,1,0.0622,0,0
0x923C7Ce49A4960466746C6e47c550dC1f9EA8ffb,427,619,7.8314,0.6711,0,5,2,3,63.6,1,0.1519,0,0
0x124D79210787b69bE76084F1f078F9Fd179AE779,28,23,6.9436,0.6185,4,29,17,5,0.0,8,0.8099,1,1
0xC209455a301C2F35c693ee648f2BFF0D1dBe7A77,590,344,2.0447,0.678,0,11,1,3,73.9,0,0.0274,0,0
0x99214c703B8c36a8db5294216aa9780a0Fa75CDB,514,361,13.3428,0.8175,0,10,2,19,66.18,2,0.2576,0,0
0xdeD48619002cb513E7f8f7a22218347047F14dF5,652,411,9.2217,0.6606,0,14,1,11,77.39,1,0.0632,0,0
0xc047EA74De8A5B6DB9F48191c3c9b1B92e2A45c6,315,195,13.0678,0.6321,0,14,1,7,65.04,2,0.0427,0,0
0x86659B34D93D96Ba41Ddc6257A47EB2d1B2D6F7C,92,22,141.3744,0.3124,7,25,10,7,16.89,13,0.3688,0,1
0x5829803Aa1D38A6fd1069feD8579495188E8416E,16,113,1.2721,0.3095,4,25,11,7,12.69,8,0.4705,1,1
0xd59Ce81Ce7c0f65E97D20D9303eF3D73A24710A7,316,297,13.2737,0.8068,0,19,1,14,79.06,4,0.1112,0,0
0x4D39C59dB7aa4CbA5E57b3e1baD4c98bc52B9b47,33,24,200.0,0.0518,5,30,7,3,18.01,9,0.6816,1,1
0x6Dca0653C176cB0215E4e673bE22694d200d0f59,321,270,2.674,0.8318,1,15,0,3,66.83,2,0.2858,0,0
0x2aE14B03CE8E2Bedb3e6D62E96D721556a2C4A08,725,77,9.8656,0.6659,0,10,1,18,71.61,4,0.08,0,0
0x441d2C5aD65B5594D4fcB4fF1F1b5a51a8395A37,237,146,12.3996,0.6215,0,10,2,12,64.89,4,0.321,0,0
0xA596575e3f22AFc23170c04949B6B1B71eFBb1BA,416,510,6.81,0.7315,0,15,1,7,83.13,2,0.0773,0,0
0x03c95f52E53AEF3445B5400894635F12E232c2d1,13,7,49.4031,0.2296,5,30,10,6,45.81,8,0.5402,1,1
0xb52ff2712351dA2c9B498445c319C43613018FeD,137,45,77.2882,0.42,2,37,13,7,36.74,7,0.7768,1,1
0x4a8C846e0e66A8c3D473bBc0EB1a24E72Fdb75bB,275,562,1.19,0.7284,1,15,1,8,69.73,0,0.1627,0,0
0xB11bBdAf1b02C305ae384A1e0b4496de7bedda83,395,53,3.0389,0.818,1,13,0,6,67.7,1,0.0836,0,0
0x76ACbC4BeB77093B079879B4FbAF596B996C2AFf,187,31,6.6071,0.2489,5,26,9,7,30.65,9,0.6974,1,1
0xF61977eFF05624E06B323A4e50Ca18b754247364,1500,1942,11.0483,0.6545,1,16,2,17,63.25,5,0.0984,0,0
0xC635871064758BF4ECB6Ce66386EB3b711da4Cdb,372,266,0.9065,0.9719,0,11,2,18,92.54,1,0.4904,1,0
0x46EEe02b273f8715081df30fB4bEFB28D2777E67,550,161,2.5544,0.8805,0,15,1,10,82.6,1,0.2966,0,0
0xE31a1E7816Af08fB1686c8a0963B1E69E01041de,23,137,27.3223,0.1571,2,37,3,5,49.63,7,0.6779,0,1
0x58b67790f4B83371A019D50Aad971B3CAF3F0FFa,149,35,39.265,0.2007,4,21,12,2,26.75,8,0.5091,1,1
0xC81145612B8751f34D8138621a557fA2D280e4aD,738,108,5.7762,0.9012,1,13,0,12,84.82,2,0.253,0,0
0xdea41FD284E5EB14dCd8F106bD4369F420186569,878,728,7.3,0.9091,0,9,2,5,76.67,0,0.1751,0,0
0xe909d25F60Af736C69f5A9cF70B004FFAfB7B012,74,105,0.7904,0.1328,3,23,6,6,40.41,7,0.2347,1,1
0x99965Ea9Ef11839f96abdC26125679c201d52251,584,342,2.9424,0.8942,0,21,2,8,82.39,2,0.2137,0,0
0x73EFd6A925327F3DD54BD2355b21D09D66FBD589,67,7,1.7504,0.1722,3,29,5,6,25.14,7,0.4488,1,1
0x7f3A0805e2D294EE4584bCe3373B889Cff3B8389,283,658,2.0467,0.8985,1,19,1,12,96.28,4,0.1582,0,0
0x65Ca7827e42Bae78033af96b9FC4313B7238f355,234,34,154.9984,0.1405,3,27,9,7,34.61,5,0.487,0,1
0xFbbC7Ed00bF2CE47A193f540b9396225FE6e5803,56,96,55.7172,0.1847,5,24,12,5,42.63,13,0.6274,1,1
0x9061028DA3616dC421cc994179Db7C7Cde2B02bd,62,21,95.7209,0.307,3,25,6,7,45.29,9,0.6808,1,1
0x81C96348d397d78EfE2cD2eAFFB919A62a586cb2,880,217,2.4586,0.9418,0,13,0,17,54.25,3,0.14,0,0
0xdd5B3473334a2A6f0910C769bECDE39cbC120265,592,806,3.1361,0.8485,1,12,1,18,78.15,1,0.4209,0,0
0xc63f7fBfEfCD8607410A9FE0A1Ad03F42dd978B9,1500,385,12.8849,0.9545,0,17,2,5,77.07,1,0.0902,0,0
0x5945B9214A1372fc0EdeBAda768E334E2673a04b,1500,449,12.0292,0.9312,0,8,2,13,69.44,3,0.2861,0,0
0x90A470ed19E87BCD6D443caf88f0D38ccE6AB3b1,519,74,0.7586,0.6758,0,13,1,10,68.21,1,0.0425,1,0
0xc40E327c8B3593de7B00111aaddd335e03e84a2C,26,24,7.7572,0.1898,7,35,8,6,43.02,7,0.65,1,1
0x2251d470AB3237b0fFd0bfE735b28EBd3CD9f585,53,26,17.5079,0.0884,5,23,11,5,54.78,5,0.7571,1,1
0xc43f43894D83a7E00bD9dE44eB1e258013b91381,18,10,6.2356,0.1641,5,25,8,6,26.84,9,0.4099,0,1
0xD3D0e90Ca24E3426c94E1B94240E3E8a9670F7A9,67,10,33.885,0.1224,8,21,7,3,31.12,9,0.7875,0,1
0x4D2E61ceAbF8eEE4D61c0B05183b2abBCe7EC073,172,24,18.7823,0.2219,7,32,9,6,43.73,11,0.6178,0,1
0x27003303c6989529095aAa9c4cc9215D0c161D3A,992,211,0.6862,0.8835,0,8,1,7,78.45,2,0.0872,0,0
0xa3358000c2d343a90A3E5C33e793bad7d4092E35,58,130,1.3579,0.0931,6,32,10,1,19.44,1,0.6621,1,1
0xce9F6dF65C15B1189040fA74C340A38231271740,831,200,5.7728,0.5114,1,16,2,3,84.01,0,0.1223,0,0
0xD7F254228b341761690874F0ba65E1d969B77049,61,6,17.1045,0.2839,4,25,5,3,31.87,9,0.5517,0,1
0x2EfC74Cba0639b7743785de113e89b4510E9c612,234,336,2.7102,0.9062,1,10,1,9,64.34,0,0.0997,0,0
0x4F32A954D45c60e2a8bd6FAc5B2c7e3a504925fe,524,272,1.533,0.6819,0,13,1,12,65.13,2,0.2374,0,0
0x96D4dcecbe2a795DE44C3AfD7B203229c7774BAC,73,5,200.0,0.1702,2,26,10,6,7.75,5,0.7602,1,1
0x090A0aB9c547AE0f9e9A379359d298f83f0773dB,21,10,7.1746,0.2634,5,29,14,6,17.11,10,0.7163,1,1
0x15011Eb36Da13f19Fcbf177A3f58f618767cF72B,436,104,1.5074,0.6888,1,12,0,7,75.88,3,0.2667,0,0
0xB1c5280bFa2A95AB3D2A5d48450DDdaD83977249,959,173,3.7028,0.7601,0,19,2,3,68.71,1,0.1657,0,0
0xB8b16784bA97c98e982acffAEd866a6e0Bf4A3a4,560,256,7.7794,0.9637,1,14,0,6,66.85,0,0.2873,0,0
0xa6da0269021c51F327654190Ba5170d52E0F5A55,93,5,22.3566,0.0771,13,27,14,6,23.3,8,0.5741,1,1
0x5EA9d2F2Fdba0d0734940A4321BF6ca08cFA9748,1459,127,26.0136,0.8705,0,14,3,6,79.59,1,0.2543,0,0
0xD30411bc847daBc9C813eB0883B2ce9A22EA3Ef5,140,132,15.3878,0.3503,4,32,8,7,44.28,8,0.5624,0,1
0xa346Ef22eaa709630D4bAd547E458Ad42C1Bc64b,1448,283,1.0516,0.9442,0,14,1,10,48.13,1,0.0757,0,0
0x832528900D9121E4233E9B49503248c6eFD81948,248,542,2.4166,0.8192,0,11,0,13,67.74,2,0.3366,1,0
0x0692aF45DA18950dF1530fC95578848053f9E4ae,984,594,12.4748,0.6492,0,14,0,19,56.33,2,0.2875,0,0
0x89E7800DB84c5b832b2437aA850DE248fC64aA7E,125,38,2.8523,0.0731,5,26,9,1,44.27,10,0.5167,0,1
0x9C6A9429e83815c08FD704b0E3B8e3e30e18785A,47,12,33.958,0.091,8,33,9,1,16.2,10,0.612,1,1
0xE8b0e37b3ED42983e8B30ec81EAc6b3f360D7982,1271,414,1.5054,0.7861,0,11,1,6,67.48,1,0.4694,0,0
0x4EB195692499C55f31C312A3ED9DC509fB7056dA,522,755,4.8397,0.815,0,8,0,16,85.74,1,0.2497,0,0
0x9d85068EC7d5043491c98d08c930c85e090857ed,217,15,63.4713,0.1443,1,36,9,1,31.26,9,0.8932,0,1
0xB83b5E1B114A1681ae26e3e46C3319e4Af6f61D7,71,10,134.6732,0.1732,3,32,12,6,62.66,9,0.7894,1,1
0x2fab215db3dd97f74904061E7903d3d94C5ef745,306,291,41.7333,0.7587,0,9,1,19,80.4,3,0.1564,0,0
0xF2dFE64aDC81426c5C6718f8C0c0feF2CA6d4890,10,18,1.4236,0.1355,3,21,9,3,39.69,11,0.6458,0,1
0x910F56Ea3Da35Db7F6Bf066063A07092C38df982,20,38,0.8013,0.1808,3,24,9,6,18.19,11,0.3,0,1
0x06906Ca79C561b8F56a1B44c8B6FB3CcD35AbD74,55,10,8.2025,0.6611,2,31,9,6,23.19,16,0.263,0,1
0xC971acd5eb293a0bb33c0F94E58825A9f25C5B59,20,8,15.8573,0.5793,5,33,12,5,3.91,9,0.7621,0,1
0xA28158ae1a847C3F16727C1Ed81cc29D2C3B9bc4,14,196,25.976,0.127,8,32,8,4,7.3,13,0.9106,0,1
0xb0233721b3D79010E54289Ba563e6952809e37EC,11,26,200.0,0.1685,3,26,14,6,26.65,4,0.5746,1,1
0x22303d251c057440F82D31c22a9311F63AB0E76b,227,1072,8.3442,0.671,0,18,1,13,73.79,1,0.3396,0,0
0x2Ba636cEaebaDa5944Fd5DEF2893767fdE8c0AF2,607,213,1.5141,0.8579,0,13,0,7,75.99,3,0.2559,0,0
0x04f72704a39cd0D9a96320b3FF98Eb441e00FC98,195,235,11.7682,0.8702,0,11,2,16,87.94,2,0.3521,0,0
0xaf841d43dC26926d6DeC7F5273596955e4A13De9,93,183,15.1729,0.1654,3,29,9,2,20.9,5,0.8405,1,1
0x5980A3afFb421eEe6BD8718FdABF57074b63669F,67,15,2.9263,0.1603,6,38,14,4,41.07,5,0.314,1,1
0x022a437AF38434Bd4854dE28fb427d012450846a,82,7,7.9683,0.2467,5,29,7,3,28.09,11,0.7324,0,1
0xCDE2C43F52afA9021A60c8b8F8dAB5Bb8b7815E6,137,22,3.5502,0.1719,4,26,11,6,30.38,5,0.5999,1,1
0x92237b5E026c00A50636BBE05215d4b9b2b78d34,73,23,59.8442,0.3511,2,24,8,1,35.06,11,0.7062,0,1
0x4834c84910E9C6cE2d67dbf2804A10f70709EEca,817,807,6.2203,0.8086,0,10,2,3,73.71,1,0.0497,0,0
0xF49Ef5aFc3240805b40Ab4d21973F9d618011eF6,680,613,19.2175,0.6553,2,15,2,18,70.92,0,0.2701,0,0
0x094746336F743fBE8ddd890e822Fce080ff192C2,415,232,9.1649,0.7682,0,8,1,16,93.09,1,0.3133,0,0
0x6671cE3Dc5FE173be93fd21c3301E2A0fA174AF9,128,28,15.3349,0.135,3,31,13,2,0.0,10,0.6641,1,1
0x19C4Fd5E6be01AFe6B6dE4e6aEd42a3e663508ae,945,57,8.3062,0.7435,0,13,0,9,52.59,1,0.148,0,0
0x757A5D14f34BE88a02639F023B7849666457Bd17,1500,142,1.2066,0.9041,0,9,0,8,75.29,4,0.0556,0,0
0xE1A8423139E7d74190b629913eF0f2bFFCed3Dbf,632,219,5.4468,0.8852,0,11,1,9,86.93,2,0.0173,0,0
0x8426E70EFE5AaBB52C3e6CAd491E21BeC4a1C053,86,7,1.2515,0.0707,4,32,7,3,52.02,18,0.5009,0,1
0x349A004213a4A06D9192f1e0B7cc945f0f76a14e,73,42,88.1158,0.2303,5,31,9,2,37.66,8,0.8193,1,1
0x85B69fb2A2717AFa769294f561628A7aC976CAf6,40,14,1.8404,0.1343,2,38,4,2,37.18,11,0.7444,0,1
0xB2fF909f59Fb4bf0F572D6E9b12f92A0C13226d6,46,18,11.5155,0.5821,2,27,12,7,43.95,11,0.7037,0,1
0x51dE3aAaF5Cb29A1209B77E56ddCf3e251A705bc,115,14,28.3734,0.0746,3,29,5,6,10.37,8,0.7163,1,1
0x664C899FF84e49f5902264FD38a16D6ed9726309,546,397,2.0385,0.4794,0,15,1,5,85.96,4,0.328,0,0
0xa616c40ed850b5ba6dF0A738560cc94c546e399d,209,385,2.9831,0.7761,0,12,2,12,65.26,2,0.2036,0,0
0xa9534AB64788fB14CDC6847176502D53B3F0C15b,372,548,2.4197,0.7597,0,11,3,11,66.31,1,0.1031,0,0
0x0Da0920b0e20ADd1B46EB77DC3320A8C508a40dd,82,20,56.5514,0.1104,4,27,5,4,27.53,8,0.4829,1,1
0xd6bAA20AEaC09097BB0324C821436b110B4b49A0,242,363,1.6451,0.7153,0,22,0,17,75.45,2,0.0438,0,0
0x7CFbF63D0000A2Bf4F99D02DEB28F0c4066CeC1A,103,119,19.4353,0.6581,7,33,14,4,0.0,10,0.8288,0,1
0xF2058bC7Ca190FafAe065b3C695eBEBbE6b58868,136,19,16.6314,0.4131,3,24,6,1,15.78,11,0.6455,1,1
0x846Af455F16525759a5457b5b47CF9fbB62669Bb,25,117,3.2778,0.2695,4,27,13,4,12.43,10,0.7926,1,1
0xE3CaE4baCa0000f228489eeD50B3324DD99684D3,627,401,2.4432,0.8693,0,10,2,19,60.16,0,0.1007,0,0
0x7b23aBCA381F10D005Caa910dff826087c463A1e,68,14,11.6892,0.3879,5,24,4,6,55.69,10,0.6457,1,1
0x196fB0B99E945f6792Ba5558958c82dc56479060,142,14,10.8119,0.332,4,29,10,7,34.63,8,0.6853,0,1
0x9Ea8bb68C82128DCFa50eA3294c141993E91144A,163,170,79.7114,0.0614,2,25,7,7,42.17,8,0.671,1,1
0x517D24bDb9317DD19D14D5e354536b736296Cb81,81,113,17.7407,0.1841,4,38,9,6,28.58,6,0.6709,0,1
0xC32e0D8Db6E5F35a2DeBAB7a34A3CaCEF606d7bc,15,7,1.4907,0.4191,5,33,11,7,23.37,7,0.7646,0,1
0x7a7a71f42Dfe2539Acb31C486835dc4A9631b145,626,391,1.6214,0.716,0,4,0,16,92.52,1,0.073,0,0
0x0Ba2346d06C30AA60c8F28fF52aa7093fB109d4B,26,10,5.8649,0.5056,2,39,12,1,19.69,8,0.7407,1,1
0x2dA58C768a6B67b67a835E80B1d5B59D11FDD722,29,107,6.2992,0.1816,6,29,7,3,31.77,7,0.5531,1,1
0xC64C3a02287481fd5bBF9Fe89B0FE81Edca04d40,452,148,3.2264,0.7155,0,13,2,8,93.07,3,0.1436,0,0
0x802FC1B9ec582cE9a8A25726e2FE82D94A9F4180,116,143,9.9917,0.2493,5,30,8,7,34.28,6,0.6282,0,1
0x80Ebdeaa369B6074256f5298739862Ff3EB7CF5f,265,509,0.9477,0.985,0,8,2,11,77.8,2,0.1238,0,0
0x9b35D3f25eacb455b5A2D417cE702f66F6aDdA3c,21,16,16.536,0.0539,5,27,7,6,27.75,9,0.7849,0,1
0xc0319DD5eaF819948245A75059A4f6CD9164C12E,182,36,9.2581,0.4461,5,22,9,3,46.26,6,0.4764,1,1
0x7A07660ca81b2b617cEa408912fE21fa3d24aC9f,28,11,23.9236,0.291,8,19,8,5,5.0,6,0.7701,1,1
0xE9dF0527a9b92159DC42E7b16cc51f03f4604898,283,140,4.3524,0.6539,0,15,1,15,53.36,0,0.1349,0,0
0xDE4b249251a5BEB5E4089EaEB961BAB18b684b13,1073,304,3.8185,0.8064,0,12,0,10,63.91,3,0.2959,0,0
0xBe93474286A2C0802110A183bc8081681a92b276,92,74,128.1271,0.391,3,27,17,5,21.53,7,0.6608,0,1
0x13E869D945d7eb0E143E0aD82794b17D98c107D9,188,324,15.8302,0.9405,0,12,1,9,74.1,4,0.1222,0,0
0x4F5A05F523aab9191a81903cAc861ebf30C85880,525,196,3.2089,0.929,0,15,1,8,67.26,1,0.098,0,0
0xc358Af65Ea5eE0f460f09A330E0512a32ba5eECF,100,13,7.9896,0.1027,3,28,2,3,23.28,7,0.4787,1,1
0xD90D033B55D1a62D578D7260077547070D4Fcac8,657,941,2.2373,0.9354,2,10,2,13,54.06,1,0.2724,0,0
0xeEd916Ac820231f3A765f1862e1207e8760d871B,94,66,51.9384,0.2131,4,34,5,3,50.03,3,0.6152,1,1
0xF1172c5926114f5ec73b23010d87728Fd05536d2,109,60,139.2522,0.0536,6,34,7,1,46.46,5,0.7541,0,1
0x165029fCC060C6C253E10CF6F3a7c77B986f0D6c,193,240,3.3133,0.5659,0,15,1,14,47.18,2,0.202,1,1
0xa5d7a249692Fd3B32102F81eab742574fDa5f51a,222,296,4.1905,0.8493,0,16,1,4,66.58,2,0.2677,0,0
0xE7C29f861fd7D838d0c047e3a0aEe8957E9B2D80,602,292,4.3685,0.9271,0,12,2,14,86.1,3,0.2778,0,0
0xd37677D0de2dccdeAAb05a20E244B182Af960C6e,260,1095,6.7515,0.571,1,16,0,7,73.76,1,0.265,0,0
0x45556Ab9b573a9E8Ac3FA04b3CEb02FC081f1A2D,280,538,1.099,0.8432,0,11,1,3,80.93,2,0.2394,0,0
0x083FEE3d8915Fecd9B957571A9bda58A53632f74,26,48,2.7399,0.0474,5,21,13,1,47.8,13,0.3943,0,1
0xBFd866bc386DE2f38aCEEdd700DB241C7c58e3FD,406,171,3.7881,0.7584,1,7,2,9,86.53,3,0.2274,0,0
0xbf9d9A9b6421D6D450792c641eDd7d6bB7fb19ea,433,116,2.6147,0.7389,0,7,1,13,71.02,2,0.1027,0,0
0x88cf72c7BA75d15f27eC3352Ce7553E4530f6460,72,10,134.2032,0.1372,5,31,5,3,17.3,8,0.7587,1,1
0xbAB5107331a6733c6442489717806d900065785d,920,395,10.4762,0.9277,1,9,0,6,65.24,0,0.144,0,0
0x31f6665E9Ac691754E80b1695167B87B91e0Aa80,324,322,10.1542,0.8021,0,10,1,9,77.47,3,0.397,0,0
0x41AD10F0E40f29616c625818a524cB390afC68b5,80,57,6.8824,0.1979,3,21,3,5,24.95,12,0.8208,0,1
0x96413356e3918DA2FA768430a19c2ea6d2812bB1,238,5,20.708,0.2595,5,35,10,4,40.96,8,0.43,1,1
0xbE3a6Fc9E2fF858232967384b75493DCe8A03Dbe,58,82,14.0913,0.2504,9,24,7,4,18.06,10,0.5317,0,1
0x970A160034d1b0461a4B6322Dc7391E818cC17d4,884,179,4.5135,0.5877,0,15,2,3,68.55,0,0.2349,0,0
0xC8d6E271A4c28A0069f0aDd654F9DF969dd6a979,1500,285,2.7952,0.638,0,15,2,3,98.22,1,0.1995,0,0
0x2EEF1C6B0699bbCF5dd35C5E1D3A1e2b1CCD5891,98,57,56.379,0.2197,6,32,7,7,44.09,9,0.5451,0,1
0xd27e12FD2199D5b6db1D557952E6c937E043FaF5,1500,470,26.9831,0.6308,0,14,2,14,69.84,1,0.2662,0,0
0x50A2943aC0451dD70598f095B010Bc45Ad6a58Dd,334,427,0.6746,0.8614,0,13,1,11,80.31,0,0.5919,0,0
0x44ff87667a749bcCBa06348F80A9E708dBAeC960,856,244,2.4297,0.5238,0,10,3,11,64.09,0,0.1455,0,0
0x3D08e6454F55501344cDbf00dC07a36E7fa814AE,618,258,1.6556,0.652,0,12,1,5,43.64,2,0.1554,0,0
0xF780c758f85e0abd3Ba97Fb49BaBF47374aE50fF,231,21,9.4036,0.3234,2,24,11,4,10.65,9,0.8412,1,1
0x6cc8Ad8ff7F567f61112E9A740e12221bF9a210E,203,17,2.4021,0.4981,6,30,7,5,10.84,16,0.9282,1,1
0x88023Ab97E710EA0F0a6B8aC3B4a317959507252,228,112,8.0732,0.6912,0,12,0,16,96.81,0,0.1868,0,0
0x3ca4816f27dB4DC2141537573bc304Ea07664c9e,850,106,23.1657,0.7883,0,9,2,16,75.73,3,0.0291,1,0
0x43353d390a14718791Ce27EdB1377c1fA9f8E0e9,167,39,2.5248,0.4199,6,27,9,6,37.09,14,0.6494,1,1
0x3C3795525657199CB431B624EcAa2DAee7817ef9,225,483,2.8571,0.927,0,10,0,12,78.1,2,0.065,0,0
0xB791E065c7C0bE003748f9e009A50879cB472453,73,14,2.8117,0.2825,3,30,11,7,13.54,9,0.7568,0,1
0x0aA95E9B17B91dDace959946Ba9CDA93eCf37C82,13,13,2.0149,0.2886,4,21,6,3,15.14,17,0.783,1,1
0x544A094A4957f89002C27cAe3B2549B98EFd01E1,949,191,0.9193,0.9794,0,14,1,6,92.78,1,0.2759,0,0
0x21662FA208780Be9A3eae2794894DC24c060D57d,51,45,90.2892,0.0601,7,19,8,7,25.61,9,0.2511,1,1
0x7ed1462b79f071501926f743F6C69B54110c80B4,395,840,1.2757,0.8119,0,11,1,9,63.39,0,0.0661,0,0
0xcf28079bAbE47481579f32f72E2d99C8DB89d8BC,12,104,4.4978,0.3274,11,31,9,4,0.0,6,0.6993,1,1
0x9a9103890626774e6B9533619Ae93658DB684cf1,681,145,5.4452,0.62,0,6,2,6,53.95,3,0.1676,0,0
0x905CA97426B898B1a453969A51b27ceBF7195E94,224,94,3.132,0.78,0,11,0,8,78.09,4,0.4941,0,0
0x000d2F0B944EfC3d16c25DC962622802F0B51741,667,449,1.1434,0.858,0,10,2,9,73.96,1,0.1756,0,0
0x7bB7828DD3c52da32a7CAa4D426a26AC3BBF920e,254,159,12.3229,0.8472,1,7,0,3,54.84,1,0.1992,0,0
0x8a6ce4d77e835862f6cf1c9781F2Eea7414c8CCb,254,237,3.5201,0.7803,1,19,1,9,65.97,2,0.2868,0,0
0xacc70a229F8D1004A6b41A01718CA55590417E94,1020,526,1.6801,0.8939,0,7,2,17,62.7,1,0.058,0,0
0x003b3a6b6C755C093AaBB4F089a4dCD62058B931,489,310,2.0991,0.8581,1,8,1,18,72.5,2,0.1658,0,0
0x916E10A37d3e01a8E7585e039CB659b649F9a708,27,25,15.9027,0.2533,1,28,14,1,35.46,5,0.6596,0,1
0x1280Cf837C20695cD50491c17d4B527580eC0B9b,69,208,29.0969,0.3737,0,28,11,6,34.11,8,0.403,0,1
0x295B2EAE81D8eB029bF3335DD993E8E5eAdE7395,12,302,18.2923,0.1356,3,23,8,5,36.66,5,0.4549,1,1
0x04E801ec833236360598c2C49Dc08f4EAB0A838e,225,171,18.2355,0.6636,0,14,3,9,76.95,1,0.135,0,0
0x7C55e2A962F5354a992A77bd35B12f57D9De2DDa,636,398,9.5836,0.8997,1,10,1,8,91.39,2,0.1266,0,0
0xE397E795a78FD15EA8A746687334496aD2EeEbfB,14,8,2.4111,0.5214,1,26,5,1,39.5,8,0.6937,0,1
0x7bCc9484e46b6F1d62e85dFc77a46a9Cd9532747,75,41,14.8789,0.2043,3,28,14,5,32.7,6,0.6585,0,1
0x804E198Cf77468ed689Ab41d6A0AE2F173751651,1195,132,1.1849,0.9475,0,17,0,17,81.41,1,0.1984,0,0
0xd82b48B05ba3ECe0158d13365D2c18c9d4964D5B,807,24,1.8184,0.8611,0,10,1,7,67.06,2,0.1435,0,0
0xc3F45E690829131eF9a35eb77f2f650067e9d7b6,265,580,1.0434,0.7629,0,9,0,14,44.25,0,0.0614,0,0
0x5766C2a85A4728f1E2582f24Bc0B61D06Ea8a535,229,256,2.0291,0.976,0,15,0,13,70.01,1,0.0185,0,0
0x2101f2AC66Ac4EFf00362EB19d10A92AFD8F479a,69,6,2.9357,0.2458,3,28,9,7,35.08,12,0.648,0,1
0x7f7B1fE39e2D7E78cCe8175A557244Ff12CB390A,737,218,3.0432,0.8999,0,12,2,4,67.06,1,0.4277,0,0
0xa9Ca266E2C217e30ce964EF9123b18253Ebe43c8,1293,566,8.6646,0.7765,1,7,0,9,82.23,0,0.2126,0,0
0x5cf017980B92F776AeEc06deF27BCE27269A33CC,470,573,1.67,0.6283,0,10,0,19,82.02,1,0.0521,0,0
0x24070CDAD1a707ad35Fde3F606bE442338916157,310,231,7.0835,0.7615,0,13,0,18,67.17,3,0.1183,0,0
0xC83D0E7540662A6790dEC5c454Ecb7322905aB60,1412,239,17.473,0.7726,1,16,1,9,61.99,3,0.141,0,0
0x007ED723A98Adb5366AC884344973DAA88Db28A1,187,543,4.93,0.9757,0,16,1,8,82.08,0,0.0974,0,0
0xA92983Bc048320e57FA47604d11807c0F958b82E,273,75,1.8161,0.0914,5,23,7,4,20.09,10,0.753,1,1
0x874E554180BF18538D921D0b1eF680ff21f38071,73,22,17.0435,0.2323,3,32,10,1,30.69,11,0.403,0,1
0x4c7574963f1dfEcC21b211bE03b3DBFDD2C4Ec20,26,14,3.3706,0.2695,8,28,9,4,6.13,5,0.6605,0,1
0x51E61A249687b83Ac816E862563EFa072E492B0D,278,510,4.8736,0.9932,0,8,0,3,75.12,0,0.2099,0,0
0x94b9F3257264042C0e6871EDE04494457b80E1De,134,13,7.8874,0.2725,5,31,9,3,6.27,9,0.6051,0,1
0x8F6bF80f67Fb6731131c6b0A2eA0b5110f2AA019,85,9,13.1453,0.2773,4,29,9,3,45.19,9,0.7407,0,1
0x0fbF8D9815db26A9C3760Dd95EC364B31E338dcE,193,10,8.4096,0.5018,4,28,9,3,24.78,4,0.6661,0,1
0x5c0dfe18c6251198a93DB2fC30bF3E6233C7e85a,1500,625,17.8402,0.9237,0,13,2,15,79.48,1,0.2107,0,0
0x5fFEA14851bAf19382F6e3A12C2Feb5df97962eA,52,8,4.7178,0.1462,2,25,7,1,53.88,6,0.7422,1,1
0x0a92E4670fCCeb98061CCA9238De90E76f868479,1084,439,12.6684,0.8199,0,9,3,11,87.19,1,0.2583,0,0
0x7cB82D38c5e45Cd0fB29351dAe0C17167321b6d1,457,150,47.6495,0.6365,0,9,0,15,70.72,1,0.3265,0,0
0xe7905BF10b9F16B55a70552302f14F973F3D56e2,45,87,25.3252,0.3059,5,25,9,1,42.72,10,0.64,0,1
0xA52611F9E537Eb9652EE3572Df67B4D30C276F49,210,254,1.7221,0.8335,0,8,2,11,52.82,0,0.2338,0,0
0x2943C8Cb0BA617dB54FBa0Bc66c0E8905b00e33B,1315,793,13.7,0.7869,0,10,1,13,69.35,1,0.2192,0,0
0x6F9871eD3B8d3565350Fb28dcf70D8447b7E6499,400,14,81.8697,0.1842,3,15,10,7,38.48,12,0.5779,1,1
0xE5D66ADF066Fb189086324BB474C9Db7B7bC86a7,411,631,2.5943,0.9678,0,18,2,4,45.83,3,0.078,1,0
0x102a128ac18355de27DBFf30AB5dfD9350C62369,54,12,10.4761,0.2456,5,28,8,6,32.24,4,0.5117,0,1
0x6C6A0AbAC85f2CA5FAC51bDF83eBE9209F4441a0,17,177,29.538,0.1916,13,28,14,7,1.4,8,0.3791,0,1
0x3eB32F142d6de076DC8eeE234BCDCCD1a723af61,430,406,1.9796,0.8105,0,7,2,10,65.45,4,0.4496,0,0
0x4BA2c7eAcb203E2F33684130774FbEA9c853d142,18,7,7.8573,0.3672,7,33,10,5,5.14,2,0.5887,0,1
0x683E3f9EB77d591698C3F46d53E93818c46D013A,216,6,17.8684,0.1304,6,21,3,3,48.6,11,0.2655,1,1
0xFFbf61232990be81bE42E2D6Ae459b2545ca95a1,120,5,4.6059,0.1157,4,25,8,4,32.55,13,0.8459,0,1
0xCFbb22c699e9D671456d7AE5F44D341a9eEfe544,256,308,15.8903,0.7799,1,12,0,8,56.24,0,0.1737,0,0
0x30b0A2D83434d87A32Ce46e2215b90e3eD284D36,484,172,0.7385,0.8945,0,9,2,19,74.14,3,0.1825,0,0
0x0390F8e0056043ca5c2dD4CEFC05E3Ae46AdEc29,348,636,35.6619,0.7644,0,14,3,7,79.09,3,0.1957,0,0
0xD1f021B6EA799B39C682239c4fFF1573B8842258,1127,104,10.3702,0.8042,0,10,1,5,73.09,2,0.3795,0,0
0xD4A9B97c569f575D4Cf812A3da654AE9e8873ed5,1093,23,2.8369,0.7402,1,12,1,9,40.37,0,0.5735,0,0
0x38f97e15C973b4331FeDd9ceaD55c32177774F7A,105,79,2.7722,0.2173,7,29,8,6,40.04,7,0.3071,0,1
0xd667584f6489B359CbdDa894B009a8144F49C7bb,377,179,0.85,0.6594,0,11,2,5,76.58,2,0.4671,0,0
0x4aC30C5b5Df646CfDe0F7720550356db9230614A,42,19,11.584,0.2111,3,19,8,4,40.99,10,0.5161,0,1
0x46EE93c5d9eE3aa5504413D434FE69D4B2070587,35,20,62.6551,0.1821,6,34,3,6,24.78,5,0.5996,1,1
0x09313793a0bD4fd4aCa8397380B05aB81bb8BaB7,193,30,9.3501,0.0712,3,22,5,2,45.04,11,0.2599,0,1
0xaa10D971ad5680E6cAda4cc46319eDBfDF011ef8,54,20,127.3414,0.0131,8,31,12,4,22.26,9,0.8986,1,1
0x14796c231B8F351AA954a7B86E88Eaa2D13079d5,28,97,156.5166,0.048,4,33,10,3,11.46,11,0.4465,0,1
0x2d7234Ec229C6c261A20B6d4E0F0F9A9c01263AF,28,165,24.2971,0.3317,5,26,11,4,37.91,4,0.7747,1,1
0x2385e052D5D3180d4521930A35D3D75485DDf122,486,217,5.3299,0.9413,0,11,0,5,82.76,2,0.0233,0,0
0x78e5f5941682BF4c1fa848660eeaADCf2290C5E9,126,47,2.2036,0.2963,5,27,10,7,36.92,10,0.3742,0,1
0x54807027599904214184F59F1620c8e387C3f398,15,7,24.7226,0.23,11,36,7,3,17.28,8,0.5462,0,1
0xf6121FEE91b25443fBfcF98D297483C674885647,33,105,29.6254,0.2582,4,30,8,1,20.58,8,0.297,1,1
0x7e4106f346eA53f17Be57a55ac5F8576eAa35E2f,108,24,3.0055,0.4438,3,28,2,2,53.99,5,0.7346,0,1
0xad4cD20283A0FB3437D6deb5C1709cEEeAFA96a6,57,18,16.7515,0.1659,5,30,9,2,38.84,10,0.8069,1,1
0xB423b143956C06EB931E33B6f5366Bd97c22B678,11,9,1.0905,0.1019,2,25,9,3,40.03,10,0.9089,1,1
0x7B65D8E0cb973916918a5420C537Df74A0837d49,98,46,92.223,0.1967,3,34,10,4,4.19,7,0.6714,1,1
0x89D2971a1977deDDFe7F51813296de8fc70C19F3,263,145,5.8327,0.9058,1,14,3,7,53.25,4,0.021,0,0
0x5F21705A2e26207C8D2D94E439C9491AE0F0bD32,1500,213,3.5851,0.8877,1,13,2,3,64.64,1,0.0538,0,0
0x6EB941d79B89A560A8481180F810a84dd473E27a,218,356,3.4902,0.7526,0,17,1,9,78.26,3,0.2154,1,0
0x97fb8e276326C5924bef04A13117477A4C7Be14B,541,166,7.4538,0.6012,0,11,3,5,77.08,1,0.0382,0,0
0x97233a5Fe9f2e6EB26249363a2329c1e5689340a,58,96,19.6641,0.0408,1,26,9,5,40.99,7,0.6665,1,1
0x43844E0aB109fa83104f6881a9FCc778e349d9df,496,119,100.476,0.5853,0,9,0,10,77.59,2,0.192,0,0
0x01E0B4A08B072F1F1b08130603eaBc83F77a62FE,120,14,1.6336,0.2518,2,29,9,7,57.92,6,0.5675,1,1
0xF08FaA8AEC58B14834F7A8dC036a6E94AD2d1333,1455,295,6.4334,0.6384,0,14,0,5,58.52,2,0.0487,0,0
0xF7FAEcaE23a11E414689d4D4d9bbAcF220593D12,337,831,6.624,0.7389,0,6,0,10,80.06,0,0.0649,0,0
0xDdaa977D385cDB27C953bD4574d1BaFDa6c51A45,569,189,1.0578,0.8259,1,9,2,18,83.56,0,0.0924,0,0
0xA20dbAa3b28ae7AFD1e6438de4c0f43ec41d43b2,246,555,9.8786,0.949,0,17,1,6,52.68,1,0.11,0,0
0x4dD83B749bfCaa3d2eC7154ad5e98537224Af5a2,662,542,23.8898,0.8004,0,13,1,9,72.01,3,0.4129,0,0
0x5f46039ADB54B91e53f3B8a36025174a72a7feb9,1186,353,2.1124,0.9023,0,12,3,18,68.06,1,0.0559,0,0
0xAC2c03EB443c0154aDae8CE70A2011B5302FC47E,647,257,15.2346,0.4844,0,14,2,4,73.55,2,0.0591,0,0
0x04Bd762edc8101728B18Ca11C6adA90192610B5d,53,11,6.919,0.1743,6,27,12,5,18.6,7,0.6084,1,1
0xcdd57a00a7d96e27a53bfb23fa195e25729CDdBc,1147,1673,3.5658,0.7062,0,12,3,19,94.07,3,0.0478,0,0
0x41BE38876254D7266D77c6d9a84079c103A35316,547,161,18.3739,0.7904,0,15,2,8,78.84,4,0.1565,1,1
0x681F8B1774d3cF7Ed786064c69E12a502Af91aE7,23,117,1.8537,0.1323,2,19,13,6,36.33,8,0.8246,1,1
0x6dE2aAd34eD9fD8a9EE54eE8c63DECAEA2db0D90,444,390,1.9945,0.8152,0,8,1,6,63.64,1,0.1265,0,0
0x57F35251455430789EE11893A74FB9b0aaDED9a8,672,318,9.1906,0.8236,0,14,1,18,69.55,4,0.1905,0,0
0x81382959fF7dE98f8047C621857a6Bf174E7014d,19,18,6.4823,0.3888,4,35,12,1,47.51,8,0.7304,1,1
0x3d35B91Df29B0AeD6DeA7521Bd43D80Ecd1b85d1,698,189,8.4606,0.917,0,19,1,11,61.21,2,0.272,0,0
0xA2f114bED91625786397499865C38B4cF7d1C2d1,307,141,9.1003,0.8598,0,7,1,17,89.95,0,0.0655,1,0
0x15cc5555BC460617de3652d23cD7DB6Bf9C1E581,39,62,7.6506,0.1895,1,25,7,4,38.66,7,0.4538,0,1
0x0Acc4daC4dCF0570E3321015F5069e17b3da6ccd,110,9,39.0152,0.1497,0,37,14,3,27.54,8,0.6209,0,1
0x91eB73B15a966C6879917c88EFf2cfF4CcFb7E99,653,82,4.2622,0.674,0,13,0,14,68.0,2,0.0586,0,0
0x2Ba6090D67E105B6E209e4D0e0c87f80E55762b7,76,65,55.1648,0.275,4,24,10,4,25.36,14,0.4783,1,1
0xBE3F463D4EFAd86C68CC2D572E3E42a64F2867B5,138,28,2.072,0.1196,7,32,10,6,49.65,8,0.4353,1,1
0xF6e08d7280201222371bB3133891f95c914D1A3B,125,5,200.0,0.4051,3,23,6,1,27.83,12,0.7575,0,1
0x7155a0F18ACF09B3f2827485ac1fAFEf7e51b95a,1103,133,5.7558,0.6513,0,14,1,11,77.36,0,0.2527,0,0
0xA8718e5EeB416B92c52b3e76e08a05975a301cEa,610,1287,2.0769,0.8092,2,13,1,18,88.87,3,0.2491,0,0
0xaa7aD15F12902E58E834311D1457AD5Fc9eAe2a9,244,106,0.9694,0.7655,0,9,0,19,74.87,7,0.0477,0,0
0x201272e3469f718F8270F2DC44d866fC28a54c1c,173,6,19.1179,0.1763,7,28,10,1,7.18,4,0.5106,1,1
0x6988C8102519C2c766d1A1a62465956FC0934641,585,382,7.3724,0.8834,0,10,1,14,79.93,3,0.1809,0,0
0x37B1ffb9692Dd868037934e6E211ED0fC6F033f9,38,25,4.6071,0.0807,1,28,8,3,35.9,9,0.7841,1,1
0x6d9601F750D81caC63B137EE7eD3898dE1b8DB31,226,150,4.2689,0.8461,0,8,0,4,61.67,1,0.3093,0,0
0x5fb85C6A80fEebF18194971c66e4492d5b2b7726,262,7,10.9375,0.2091,3,37,12,4,29.46,8,0.8004,0,1
0x5bf2E4AC8126F7aC839b48671c995A5Ee2bFeb9D,32,12,86.3831,0.1701,4,24,7,6,46.14,4,0.691,0,1
0x4628047dd854556dA910349Ca6f0523B8Bacb3DA,340,29,51.5606,0.4804,5,24,9,7,11.95,9,0.7163,1,1
0xc881bA926b8315ac14feF6c866D5B63864C77350,426,235,3.9411,0.8564,0,18,4,16,48.89,3,0.1587,0,0
0x9273dd3e4107EB890b1DC77a6Ec6bAfFe18E74f8,7,8,20.1707,0.281,3,28,7,4,44.88,11,0.6424,1,1
0xD201a773bef1beE69bb79163b2d8b59b6F6F65D7,895,81,3.2935,0.466,0,12,2,14,66.7,3,0.1494,0,0
0x4caE8A61411077F5e4A5445B35b05B449e551295,321,160,6.0148,0.9511,0,8,2,16,75.3,3,0.2926,0,0
0xFb4e90E1039878cdC4bF58C742949392C1192E8E,1284,453,10.495,0.9293,1,8,0,14,74.19,0,0.3243,0,0
0x107073c683eaBD07DA825a5765131A29a593b36D,23,5,2.5673,0.2432,4,25,5,2,26.06,8,0.7305,1,1
0x9Bc1992B2Ca3759A6319D0f072bce0a1Cb9E3619,608,428,1.033,0.9279,0,13,2,18,69.82,2,0.1515,0,0
0x63370AF6B92b9eBeA3252011c142D13d1E16312D,101,16,5.1903,0.0379,4,30,13,4,46.66,12,0.7084,1,1
0x6BE8aa5A6Fef0662618A700308C6BD00daCb8b40,53,17,79.9097,0.2508,7,32,8,3,15.66,8,0.6196,1,1
0x3b105c74A54259dd11d352cdc5C8596DECDA6b94,1500,681,9.0061,0.6276,0,14,1,15,78.91,1,0.0727,0,0
0x703bF66473130C4f0df944A09BA152897cF8cB89,249,46,12.691,0.248,5,21,7,3,46.88,5,0.657,0,1
0x8Df6D47BC6f610A70eB102aEDEF3538CEFfC4eAc,351,471,7.7391,0.9413,0,16,0,9,67.81,3,0.1662,0,0
0x0a4E8a9ba50E4f6027d8D4EaC1Cac3Aea7005495,197,1539,3.5792,0.9047,2,10,2,14,70.78,0,0.2934,0,0
0xFF0629d2C4dB07F96ab39C1af0910e3210A9A261,459,253,7.0127,0.9098,1,9,2,3,78.17,0,0.1824,0,0
0xa9519BC225f9833F483C5fBA8DAb653d57c8C4cc,646,243,11.6246,0.9337,0,11,0,7,89.01,1,0.3465,0,0
0x24F98C7b4f6AaDB188DA1c2B4640b5C36e0cCFB8,1500,109,11.6248,0.7632,0,12,0,13,64.24,1,0.1722,0,0
0x6714904d4414dE185A7E55E300e0cA2Ebda9C6E3,402,50,8.7473,0.8519,0,11,4,6,55.18,1,0.1895,1,0
0xc16b368f1b46A523a7A47839A0F9617990b330D9,219,146,11.816,0.772,1,20,0,7,77.75,0,0.1994,0,0
0xa50067218E16CB6A3A8BeBb884C9c0Fd6E7D6104,15,20,32.3274,0.2817,2,25,10,2,19.24,10,0.8358,1,1
0xb14004177D3Dfc8Ecdd3D831C88Bbd0e16dC0831,17,53,26.0395,0.4504,4,20,3,7,30.55,4,0.3445,1,1
0x97dA9F0d7B5582556BE846Fe8486578Af5A1EFb9,1229,431,8.5439,0.9317,1,12,4,8,63.62,2,0.0295,0,0
0x463b2bb0cAE7C6390070Ae6d836e427aBF2ef1F7,787,284,2.4089,0.8209,0,9,1,17,75.23,1,0.2909,0,0
0x00b58Cdd206ba60691F983517F984bBfedCdb551,225,173,3.4437,0.7191,0,13,1,5,74.39,4,0.2443,0,0
0x0dF46F18B1f538763DD7ECa6d7a90BC1112761E5,1500,67,19.3788,0.9729,1,17,4,15,58.01,0,0.0784,0,0
0x9195535B0A63A2c64405daC848Da2501dd328074,244,298,8.4829,0.7886,0,12,2,15,87.34,1,0.248,0,0
0x66DD92eD06D307eFD4cf84F1dd7658F9Ae82eD00,1174,287,3.9184,0.8611,0,10,2,17,72.1,2,0.0183,0,0
0xbe028C6014d6C7232417a4E0a45d457586048281,82,82,1.7644,0.079,6,16,6,5,8.5,7,0.498,1,1
0xC02440ab40cc4a4c5523De4Ab94511157427C6B5,110,74,39.2752,0.2306,5,31,7,4,44.6,10,0.1989,0,1
0x8316351Cb7FEB5BE3781f615ab4E856994e4D942,646,373,9.7663,0.9268,0,11,0,12,53.05,2,0.152,0,0
0xEc7A26c419484131E2B7bd9a2068fabc53Ef59c7,7,10,1.484,0.2414,5,24,6,6,30.73,12,0.8112,1,1
0xd38a0e33e8541713E1400E41f21e1719827AdBAF,219,67,2.3831,0.8733,0,20,1,15,50.33,0,0.1786,0,0
0x54D121F03738F72e0b20e580524DA50151227A2A,1082,103,3.0969,0.8367,0,8,0,6,78.8,3,0.3427,0,0
0xa00df36adfEeA07ff902Dfa4043c2B0bFBB3eec8,1500,399,5.5271,0.7548,0,14,2,15,77.45,1,0.2948,0,0
0xA2f7497fE6fbb3c151aFC522178711AF2F3D3060,1500,253,18.5339,0.8061,0,11,0,8,54.61,1,0.0865,0,0
0x2B2364f742251667643Da45A0931Ef7D8cFbe591,59,10,1.4637,0.0838,3,33,3,5,27.32,5,0.5936,1,1
0xe8B46d9e9FED6e6418d34681c02885c593155B82,596,1274,1.596,0.9442,0,22,1,10,85.47,2,0.2331,0,0
0x4D8112962097785c2E7f9A209A5507c54a3AA889,11,7,16.1178,0.1214,3,38,5,6,21.13,6,0.9321,1,1
0x53695A2bF31a3452A6b618429Ee8f376F23C6221,459,292,3.6356,0.8663,1,10,1,14,71.36,0,0.138,0,0
0x78959e5aBDd5cF29EcC34aB220ef8489FbE64e49,49,81,200.0,0.0935,3,31,11,4,22.17,9,0.8362,0,1
0xa1D63800d1BbBf82d1497647804f5cA8ba4Da0A1,1028,405,0.4871,0.6734,0,15,0,17,46.01,3,0.1902,0,0
0xe987913Bc4F0F5bf044219E7F49c6CB328a48ec0,147,33,7.7503,0.1682,5,31,7,2,23.1,9,0.3765,0,1
0x087EfdC4086a4Da6E6D330e026816a01A74d6f33,369,165,1.3043,0.947,0,12,1,9,76.5,3,0.1909,0,0
0x032F13b3f71A0337aBa72F8BE13599AC229fc55E,224,193,2.8009,0.9143,0,12,0,4,91.42,1,0.1749,0,0
0x1Acd211fd9E8405056a7CF1afC9329c61948F473,794,762,12.1896,0.7991,0,6,3,12,86.41,1,0.1558,0,0
0xE4E7068A109C9D9F413e719150B4eC0838bC9b1B,204,26,70.096,0.1952,6,32,17,2,38.82,5,0.4368,1,1
0x65586b4584544B1EE1B04EB95CBAa4b2A9e5bf1A,203,17,23.2792,0.14,9,31,7,7,2.31,10,0.5121,0,1
0x912D87441f22eD02A3390Ca60E2739751a25E673,901,369,8.3484,0.7993,0,13,0,17,73.81,0,0.0849,0,0
0x9884cE0D8f9f5a9F34B9a903B6E4b5c1a5f79eBF,14,12,10.3885,0.3063,4,30,4,6,43.81,5,0.6558,1,1
0xff896cE109976987358fA766a1110AEA6A6BC9dE,103,11,18.4814,0.0863,1,37,11,4,48.81,8,0.8214,0,1
0x6B53868953DF9Ad4B45b609A72867123caAA420B,88,66,23.7651,0.177,5,33,9,4,35.01,8,0.7435,0,1
0x6A9B4Fb7A88Ef8034ca180267EF7FC4F9FFBF9C4,323,924,3.6074,0.8836,0,15,0,10,74.58,1,0.2349,0,0
0xAF0AB4a3E5409ABF8D37751ff53060Bdd77c069B,1035,380,3.6823,0.8607,0,10,0,3,71.05,0,0.1492,0,0
0xEaF2dAEe7904B4ecE6e9E314459E2666f89CFBdd,874,393,3.5466,0.7152,0,8,0,5,69.12,5,0.0563,1,0
0xd9f738b0e5B09F7174c5d270B99f709F4E6f6Fdf,821,286,3.692,0.8155,0,16,1,13,74.49,2,0.2974,0,0
0x036f996f756F2905E0c6836e236Cb3001cF3e098,225,86,5.3145,0.2933,8,35,13,4,45.36,5,0.3604,0,1
0x4b388a9E16e08b238536dff3299dA85877824581,786,69,4.4402,0.8378,0,13,0,18,60.03,4,0.0916,0,0
0xDfFC7F32766573f6AA6453a59b3d48a7F41134b8,391,5,1.1488,0.1908,2,36,13,3,32.92,10,0.7339,1,1
0x93C072F784e9C9B6D0495b0bac0baDbBFA232130,283,275,22.1679,0.6421,0,10,0,3,60.59,0,0.2155,0,0
0x4a86C4684F629D0a6AD933C21ED951a95003cf00,36,6,5.8387,0.3556,5,26,5,6,35.7,8,0.6143,1,1
0x69d540Af8fb05adE481b72696CE841da162b156E,552,1961,2.1907,0.7323,1,13,1,19,79.08,1,0.1192,0,0
0xb1Ad1beDc57105Ccd3108fb61FE467DD67051F26,1139,107,2.7411,0.7707,0,17,0,18,66.83,0,0.0673,0,0
0x0FB1D26743cfBcb970061342beFc403B742Ae51E,162,33,200.0,0.2676,3,38,8,6,20.46,10,0.8801,1,1
0x0c9F3A2F37610cFa6eeaaEd84dB47BC466d89d14,31,17,53.8735,0.3886,6,29,9,7,45.59,10,0.8032,1,1
0x0e136C89f7611a832807077Ef38FA014D8328435,917,238,16.615,0.7714,0,8,4,14,80.03,3,0.1155,0,0
0xBeAf00B15c05638f8047C17B0C3D87e4EcA23c16,1500,286,10.9884,0.7428,0,12,0,16,88.68,1,0.2257,0,0
0xd02c3e97b63A902292c2343570607d9F2aFE88c3,88,121,36.2674,0.0953,1,21,10,3,47.69,12,0.7712,1,1
0x193d50E926398FDDA5Ecc192DE314773d4DD92b4,33,26,57.1383,0.3629,3,28,5,1,21.39,7,0.8668,0,1
0x851D2B2cd3F296F6FB35d71eF257c3bfa3758baC,416,529,0.6931,0.5638,0,12,1,10,60.97,1,0.0265,0,0
0xDC38cA32C72e8c53C5A29556C68f5E300C0e280a,1068,1273,3.3907,0.8413,0,10,1,10,70.5,1,0.091,0,0
0x11F9c12dd3a81d7A5B45D4AeDB320856DD12Bf96,19,14,13.5039,0.086,7,35,11,6,45.69,7,0.6156,1,1
0xc77e1E5E1FF1097295A20D2D09DBccEb37566E5d,95,13,20.8381,0.6417,4,35,7,4,32.02,7,0.7357,0,1
0x54835a480f6F1916B041111b755d68bC3e4Bc16d,415,282,1.0982,0.9151,0,9,3,7,70.48,0,0.1779,0,0
0xCb2b7b79c54c8c01ac09F51e2F9bDf322C2d4620,26,14,0.9672,0.4759,7,27,6,7,45.19,4,0.5875,0,1
0x320d2e6706f937C1ea370632803f16F1B3B7Cc4A,139,13,26.4131,0.1298,3,29,6,6,22.58,7,0.6189,0,1
0x73A996D5392dcd83be425e4A94f92D054f4cbf59,222,7,133.5043,0.4205,4,37,8,6,54.32,6,0.8842,1,1
0xcd9ADD1b86dAc0d0Ab09fA47A4eA1DBe0Ab83a5b,170,8,17.7176,0.0804,3,34,8,1,20.62,3,0.6044,0,1
0x3B87BA8f03e1C4D6882bB1381eDce9e9F6c46Fed,381,843,9.9094,0.6488,0,9,3,18,93.64,2,0.2603,0,0
0xD1fe71F9B82B88061d1136aFC8Be867b3001626b,185,16,96.895,0.059,3,32,5,6,16.3,11,0.6118,1,1
0xF3c535fda388Db2aCd5F2e7Cb7469C06366a7D91,239,447,2.5092,0.8154,0,14,0,5,57.52,4,0.0789,0,0
0x4ae6D2341221e01Da560ee97a1ecfa12B7446a97,98,9,3.8215,0.0743,2,20,13,6,0.0,6,0.4783,1,1
0xb9d4e6df91C1Dd9CBfE4E9469B88FB6d554Ebdf4,75,5,5.645,0.0005,5,23,6,2,44.96,8,0.859,1,1
0x52DDF8fD6486027D8C35C980e01C3Bb5dADa0597,239,225,0.9176,0.7321,0,12,2,9,63.04,5,0.0504,0,0
0xD28Dce3E940E1BEe0FdFD810191460563Ea8C1B2,38,6,3.1735,0.1293,4,32,9,4,39.34,8,0.6006,1,1
0x5ed4E6b2Dcd4a90d466Cf4a8A7077418e360eB4D,74,51,0.8554,0.273,4,36,14,7,29.01,5,0.7729,1,1
0x4e3D058827bd8784C369B7E938498a10d4bBB533,9,5,169.4614,0.2181,1,29,11,2,22.56,12,0.7862,0,1
0x2Bb132D7513a44A8B682f96C6087eb05C23949f8,87,32,24.9395,0.1511,4,26,16,4,27.91,8,0.7398,1,1
0xCfcB4C997bf0A9Beb3Cf59A5556F1e18faC65D2D,373,110,0.4907,0.7005,1,10,3,11,81.8,0,0.4392,0,0
0x5eC2416885e662fce24D8e6E73702802D930017a,153,48,32.8815,0.2822,4,30,6,3,31.26,3,0.6668,1,1
0x1186bd6f5BFB1bAB42571499f4f6dbE69D886131,102,5,13.3133,0.2373,4,28,7,5,10.93,6,0.3146,0,1
0xf17874218546B701F4CEbC6285B88a3f6e9C425f,95,10,20.1768,0.5742,3,23,9,5,43.05,12,0.5812,1,1
0x3F739f0705bC6B92829E947faB0AF1D14Bc3FAeB,1371,422,4.3649,0.6131,0,14,0,18,73.36,0,0.2732,0,0
0x361Bfaad22295115695e0BbA215A44df7EAD7368,914,93,8.8758,0.7885,0,10,0,13,76.18,1,0.0327,0,0
0xe615863369e4a61873e99E9A4a4a484DbF9B0ad5,56,7,2.4535,0.2855,1,19,5,7,32.98,7,0.853,0,1
0x1432E05829fC13D7897974F475Eb2Abc0ADF90e2,393,269,2.448,0.9164,0,12,5,12,92.93,3,0.1656,0,0
0x268466b53A4E59af527e5e92866a41A15D1Ed304,1062,99,2.589,0.9213,0,11,0,5,89.56,1,0.2455,0,0
0x021016Ab814e846A2d060e3c85422FB40C8398EB,298,146,5.4591,0.9317,0,14,0,17,70.19,3,0.2047,0,0
0x37A94cb79ce4DF85DDA868E4Cbf708eC9EF9131D,36,26,38.4236,0.0971,1,21,12,2,25.88,7,0.6711,0,1
0x3c7Cf60042007E22DB8921520dD5C8A45c0a2518,409,145,3.2938,0.6127,1,9,2,7,57.66,0,0.1396,0,0
0x8573b0e8C02D637BB813f7Cc41c2269190C9aEC4,199,72,1.7871,0.7311,1,10,1,5,52.68,1,0.2718,0,0
0x96d77Ec2A634D40F53b9F3AA8B15343729B23882,94,31,1.248,0.179,6,33,10,1,26.35,14,0.8659,1,1
0xc7A14523C43a0B916ebA99a318390481874fBF86,754,84,5.6446,0.7687,0,17,0,13,84.07,3,0.408,0,0
0x1c12F5539fa53cE2065A67a47c62eb364aF180A9,26,15,7.4746,0.0872,5,24,13,7,30.89,6,0.7536,0,1
0x18c57F5E50f43B02E4CeD7E4b406AFBbAdd2f42d,13,24,8.9939,0.2739,3,27,8,5,38.52,4,0.6138,1,1
0x55Ed85E09Ae92b95a4F3AFa501353610dEc1A60F,45,11,4.1105,0.1362,7,27,3,1,0.0,12,0.7466,1,1
0xCb3FF296BBe1667b0D32e52069194a9b7FC841a6,87,43,4.306,0.1588,4,30,6,6,43.39,10,0.5405,0,1
0x43368F54AaE108426697707A2D0932d352Fd9353,120,11,0.7732,0.3136,7,28,12,5,35.67,6,0.5495,1,1
0x492Cf614a6c35d4c2ce4f5d96540C117AD0D8E88,28,5,9.7789,0.0702,3,26,14,6,30.38,4,0.6207,1,1
0x6Dd88532cCD713D99f3D41bA05B5f0CC762f0875,796,64,17.1235,0.8252,0,10,1,9,75.23,1,0.3037,0,0
0xe45d33cf75524A8cEcADf02a0CeEa681773195F9,224,1434,12.2744,0.7327,0,16,1,3,71.69,4,0.0847,0,0
0x101714475d42Cd3d72b7FC8C9ca14941Ba3fFF02,327,72,4.5969,0.6924,1,11,1,18,70.4,3,0.3964,0,0
0x62C1EC5760c352F9643ef52186ACa61293A8A6C5,587,861,70.7859,0.8239,1,13,3,19,76.04,3,0.1322,0,0
0x70e8eCB4E198809e38fdb4f750656654ef4cD543,190,44,8.1436,0.7892,0,9,0,17,75.75,0,0.1712,0,0
0x8FE8a836bba4cEa765aFB62367365D08D794295b,1002,484,7.1446,0.8154,0,13,1,15,72.86,1,0.3561,0,0
0xCE74512e6EDcD7801D23AA5f03697FDB9e2404Cb,330,306,9.5524,0.8375,1,11,1,6,69.75,0,0.1161,0,0
0x714afDf5462aEA0cA50a75EA1EC4aa005F3b14f9,457,339,5.7506,0.7854,0,13,2,3,73.55,1,0.0619,0,0
0x5a7181B26A478940B195Aa5ab6ea0cc466EfD4f3,65,28,5.6915,0.2281,2,29,9,5,32.4,6,0.8128,0,1
0x7Ce91C863D90b5ede40e7425202Ea1937f893F0B,7,56,13.6053,0.4471,6,27,11,4,22.58,14,0.6657,0,1
0x7055dD637e7A99a8d38579eC50c20708116320d9,243,180,4.9823,0.9595,0,13,0,6,79.35,1,0.1079,0,0
0x3C5118bd7d809F43c18cb0065947ddC70E4321b4,16,46,1.0849,0.288,4,29,7,2,29.69,8,0.7463,0,1
0x11ddEdDa26AC29512B1E73947DBd07C2df6C7D3b,347,55,12.7276,0.0613,4,22,5,6,26.95,7,0.5502,0,1
0x0Da1f3e1f7eDFE443A70785D66e7F98f21f29d9F,32,181,9.955,0.5945,3,35,12,1,45.17,8,0.3716,0,1
0xC03f92d235244831362241E6E7Ff032a8104A3e3,271,523,21.2034,0.9247,1,16,0,12,81.73,3,0.3829,0,0
0x973EfB914b221376DA6476126b5F9F3dfDB47AE2,564,216,2.276,0.671,0,13,1,11,56.02,2,0.1478,0,0
0x318d9e9CB76996781774394F4136eaA8F3929833,417,1078,1.9128,0.7393,0,19,0,18,76.2,2,0.335,1,0
0xFF3dC63d1dC7164F28F1241C942FD42583A51Dfd,152,17,10.2639,0.2327,6,24,14,3,15.34,7,0.7586,1,1
0x632AC142F2b05753D1CdAF631b89a619A6684BbC,1169,632,4.5522,0.673,0,13,0,9,80.49,2,0.0915,0,0
0x0cE76506f4157611503E038C68363d17bE1fa22C,1023,209,7.7467,0.9132,0,9,0,15,70.65,1,0.3277,0,0
0xc4272342144D4f8185dE730a2CAa59000DBE7309,249,210,1.4916,0.9201,0,16,0,8,91.42,0,0.3956,0,0
0x7280f1E12553E06acD3f1A78dC6a7cE808C3A11c,32,81,15.247,0.3386,7,27,11,3,0.25,7,0.5744,1,1
0xD6E3Ad5BC9bA7c2a10b9d7801F6FE36396d687aB,615,342,19.1684,0.7346,0,11,0,18,76.65,4,0.1668,0,0
0xC6D81259A9a6bB56Ecf00AaD5F15953f3f5DeE4d,40,5,20.835,0.2096,5,30,6,4,32.73,9,0.726,0,1
0xBA76C84a4CC0BB12b59ecc4f32379d581a7533e0,205,59,13.299,0.1158,0,30,7,5,27.26,9,0.6582,1,1
0x6AC29aaA6599aa98128e58944a67e7Bd5cfB821D,41,31,154.999,0.3927,8,28,11,6,31.33,6,0.721,0,1
0xB8bd1fb0F5d8E3A4307850141D40d304DF876297,15,30,2.5474,0.2714,5,19,11,7,22.95,10,0.6158,1,1
0x2bD719768B44d2454F92226cAc8c2bf7309E644b,230,146,4.5763,0.8805,0,13,0,19,70.41,2,0.1488,0,0
0xd78ffDF20A32aDF0388A7c963580CD764A535519,268,391,3.5452,0.8778,0,17,0,11,70.85,0,0.3841,0,0
0x2DE494ca564de3B7C8271B96C4e2Eaac67e2Ea42,84,18,35.2275,0.3302,2,27,8,3,21.49,8,0.846,0,1
0x9558a55E4110bE66B8D9296EEeD1988B10dc095d,621,91,21.0947,0.4667,0,9,1,18,64.45,3,0.1232,0,0
0xbeFe72cc5d340B1CBa9bd0EeE32CD4cfAb619f29,356,365,1.4176,0.7124,0,7,1,6,74.47,1,0.0648,0,0
0x2606F1aB16a06EfaBCf42055765b0a98D162c4bE,392,496,5.7857,0.7739,0,14,0,17,71.94,3,0.1172,0,0
0xbc3885bF46e9d231A0590EFB93e9AdD099a21584,1229,221,6.2207,0.6956,0,5,0,18,90.25,2,0.0972,0,0
0xD2589C605fA6431C06bc320F6640b03E598e0584,23,60,6.4423,0.1951,2,34,8,4,17.37,6,0.411,0,1
0xA7188355d25db5e77cD6477465AE9636C3088180,725,28,25.9319,0.7157,0,13,1,6,74.22,3,0.3844,0,0
0x0c25bcEf2C99D99d785227616E7C29Dd65831a7F,17,42,2.7048,0.3105,4,23,6,1,34.58,6,0.8298,1,1
0x20caB61750C4A2678f6Fb063C943de672902C641,81,14,0.6944,0.1176,5,26,9,1,25.6,9,0.5499,0,1
0x096aF2Da85A19E16CbcE9Fb65758da2594A88e01,175,10,1.2971,0.0579,4,28,14,3,18.39,7,0.4874,0,1
0x24c1f9FeFb6D49261B211E80428189ccfC6F8feb,14,52,10.0002,0.0911,2,34,7,1,32.6,12,0.6768,0,1
0x65796FEBd1A10129939A9b84D238c282E2644Fd1,11,23,6.8084,0.3268,7,29,8,7,0.0,5,0.6206,1,1
0x76aa5d47c4E909D5c6d113cAE8FAaf8d9aB19569,27,6,107.1383,0.3905,6,24,8,4,23.48,7,0.6306,1,1
0x29637AA3863e68B78Ce32EDEb659E7ab0c107659,110,11,53.0293,0.3105,5,22,3,6,35.46,7,0.5449,1,1
0x1A232801A61BC464c4a2AEf4DFC2Bf5c6e810f75,113,6,11.2275,0.1695,1,27,8,3,21.78,9,0.8797,1,1
0xe44FeD297945de7EB902774f5505d66Aa4868D8b,66,11,49.1776,0.0586,5,33,4,4,4.02,16,0.6569,0,1
0xC722d2b7056CF3F00Ddf5623e42b3b71A3C121d6,278,240,1.1421,0.9332,0,14,0,13,64.6,3,0.2987,0,0
0xA755aCbB5950e4a81ee6f56be1AAC2B5400e562c,242,405,5.8143,0.8011,1,7,0,6,68.53,5,0.0789,0,0
0x9EEFAA03E2d4fF2610BC59e0FA301E5AC156EbE3,44,17,21.7212,0.0706,4,33,11,7,39.87,6,0.5303,0,1
0xdc32cE7CD7Be96b7f74700F8C501cBA869EA480A,1200,36,10.4691,0.9235,1,10,1,17,73.91,2,0.0772,0,0
0x0F860C7138717c22e55b07F87Ffa32020acCC29B,111,7,109.0008,0.5307,8,25,13,6,36.4,4,0.4585,1,1
0x6F2B97364D94612F0ee6F4d9F0A047d402C50009,1315,955,1.9507,0.8916,0,10,2,16,61.52,3,0.2276,0,0
0x956c3A4f8f748Fea615431dbF13C5e610E82fC3d,247,66,2.3442,0.1764,3,31,7,2,30.77,12,0.5404,0,1
0xBEcf25aAAB9869548fa6964b831a97Ef9916c228,289,110,4.9956,0.7868,0,14,0,19,54.2,1,0.5222,1,0
0x33f93f43F6A60fA301Dfa66bDdbA5a398dD3eCd1,386,864,7.3953,0.5684,0,9,2,9,77.97,1,0.2031,0,0
0x2F2acef65feB7c0761Cb9C934d0a1Ca7855F8090,25,42,2.6847,0.1034,4,25,5,7,17.69,4,0.4621,0,1
0xeDb7EE188eEE9506f6863E754D5907b2F5797a0d,553,481,1.1059,0.8649,0,7,1,17,78.34,4,0.0562,0,0
0xb7E5ef43be05618D3177c5273e5bC7a53E053521,73,5,13.9373,0.2046,3,32,8,1,29.41,4,0.5414,0,1
0x06DE81a8E215b03220c828a212fDF170a6b25290,434,129,1.3639,0.6309,0,15,1,16,59.97,1,0.186,0,0
0xe579BbA2F6c8e5A88A2Ed2A8BEF7df2D47431a3f,9,130,82.7211,0.2914,2,27,9,5,31.85,11,0.4609,0,1
0x0359D0f4C681f3240F2E3be632f6Ef96f070F017,757,130,2.8168,0.9448,0,10,0,15,86.56,4,0.3272,0,0
0x6829aB9354dF638a5c174C9020fbA24C3495Db3f,24,60,5.1088,0.2619,4,27,7,7,12.54,6,0.4759,0,1
0xFff15D712cdb45045BA4bBc2c897cc240CbC686F,203,133,13.6579,0.8989,0,7,1,10,53.56,2,0.3686,0,0
0xCD8BE969A8189C9fca1296d68DCD7A2AC8A4458A,346,740,1.992,0.8055,0,12,0,11,63.96,3,0.1325,0,0
0x060501Dd2eAeDb6ba955a46EcD992234B9c57910,11,23,2.814,0.2975,7,35,9,1,17.88,3,0.5683,1,1
0x1f026CD4395D2Bd759E1fB0b0b75d7e32A9a1154,731,890,1.6347,0.742,0,11,0,3,80.92,2,0.1609,0,0
0xdE26aeAF89bDef094124e3A972548aAd116f4c2B,849,316,10.9909,0.7615,0,11,3,13,51.9,2,0.2569,0,0
0x638eaffD99dEaA85822601acD0Da0913DB6D93Ca,11,14,3.7924,0.1942,8,39,13,2,30.21,8,0.6358,1,1
0xcd3a70b6a88f60eD638D1f0F495fD6D45F028C71,1500,92,6.4471,0.8273,0,15,3,19,86.14,4,0.1552,0,0
0x31D65AE402Bd2a445aE1B35e057693d38EC745F0,164,18,1.27,0.1776,5,35,9,6,24.83,6,0.6914,0,1
0x4E23Fb2269C917F852d385C74fAe27EC37b82e27,32,37,1.3027,0.1418,5,22,5,3,28.19,8,0.9032,1,1
0xC070678818eAbB891f5Cc3ec2F67FeF62Ea5028b,41,7,5.7303,0.1716,0,27,6,4,17.73,10,0.6607,1,1
0x88C17a7c3EC098660C36F7C2e50a533921d1AC8D,622,487,4.3774,0.8079,1,10,0,15,68.07,1,0.2311,0,0
0x4E10073C8D30B59245cecEAB2889006990C8D77C,539,89,1.8117,0.8625,1,10,1,19,63.4,3,0.335,0,0
0x6072C4840F10Bca9b87e2653BEEB086574Ee5247,171,30,10.3392,0.1366,4,25,8,5,35.91,7,0.7217,1,1
0x3B7e8aC1eC350cef3fbcf07F9de79FcCC2730A41,756,261,3.6287,0.9002,2,7,2,17,77.22,1,0.2503,0,0
0xf2b9b46789925aF67Ed511b2c4B9dD7fa8D2FBAF,445,283,18.9847,0.981,0,20,2,15,72.43,0,0.1854,0,0
0xD87E3f40dFC3AF0858948D438A9745Bd28f96e12,244,212,1.4833,0.6932,0,11,1,9,62.15,0,0.1498,0,0
0x5E246F5E6bF154Fac17113E9bc7C9e19c50F5Dcd,190,9,31.5439,0.2804,3,27,11,6,35.65,11,0.6399,1,1
0xD3866a5470Cc13cC5D7B9c2A4ebd4dCc61b7c0f9,16,50,30.7698,0.1893,4,27,11,4,35.76,4,0.4648,1,1
0xC0ADeF3d97858f9137d3da5E5AbB02452002afCb,265,193,10.5331,0.8571,0,10,0,7,71.94,2,0.0727,0,0
0x1c5454F7a30Bb553Da6819Cd1Ad0032957D5734a,31,32,13.01,0.1547,3,35,12,3,17.08,5,0.7149,1,1
0xE4a0f0F49a802f7aAB381187c175471A8cAB7cdd,37,24,10.0587,0.2374,4,31,5,3,19.87,11,0.5078,0,1
0xcCa486742090eD9163b7b15E92e5733b232BECEF,134,5,8.2051,0.4961,5,33,9,4,8.95,6,0.2965,1,1
0xDD2b09100ffCDd46453a5f6f826C97878e24E5bD,8,71,1.7464,0.1561,4,23,11,4,18.99,6,0.6278,1,1
0x32065468D5b695Aa113C93E015e104C6C83E25D1,50,50,7.7773,0.3001,4,33,9,1,45.57,8,0.6081,0,1
0xd3531b1092997E7870bF3fB36F0f9c1DBE72Be71,9,19,6.2169,0.3529,6,30,18,3,64.21,5,0.7164,1,1
0x16Df9F9eEF62c6dcFa9673EB6d6E91a588B63Bd6,1500,191,7.1177,0.7853,0,11,1,10,73.43,2,0.3059,0,0
0x84cC05190590b39471614d6D156C587ffAe8B504,501,287,0.3456,0.7305,1,14,0,17,72.37,1,0.165,0,0
0x3eBbfe820216B28D4015D78B8686F16c6B0Dda3D,85,5,200.0,0.0803,6,33,4,4,32.88,1,0.7407,0,1
0xeE960df7363a6A040b4697F2E7Ae226E4A413E9d,629,668,0.922,0.7697,0,14,1,13,65.24,5,0.3633,1,0
0x3933a1BfbcDbc0eD8B0c101b6dAD414e1af2fA3C,125,18,14.4742,0.1295,2,16,10,3,48.38,3,0.5025,0,1
0x1386332B1Ce4d8c58e3AeCfd9105456A3A10544e,78,45,14.3646,0.1012,5,47,9,2,36.02,11,0.9012,0,1
0xC78BEBd9562802199D571E41989475A60aB4c8A7,27,68,5.946,0.3749,2,25,13,2,11.13,6,0.6152,1,1
0xF42e5Cb880cAF02a0963093C3b3c25dbe71E8f31,186,583,4.4983,0.9912,0,18,1,9,86.4,1,0.1473,0,0
0x642A3C6B5613C64f70210d62a26E94c358cD9ECF,627,297,4.2572,0.7632,0,16,2,4,90.52,0,0.1993,1,0
0x858a2a88b921eEF36655c977bff2f65ef685Ea9f,13,19,53.3324,0.1485,5,28,9,4,25.06,4,0.7473,0,1
0x2D69f5175a15257B11E1f9158Bb00C310f6fC7ca,46,5,75.4137,0.1707,3,31,11,1,27.6,9,0.54,0,1
0x05A48890fe84eAaf8913ed0211c5535C5724e157,348,5,9.3247,0.4109,6,30,14,3,25.77,8,0.7458,1,1
0xE4baAB9EC4BD6476093063bb1af83116706477fe,62,5,28.8251,0.0254,3,33,7,3,0.48,7,0.7884,1,1
0xf7C9A868E1C261a3F83171E8113E8a54f83CD981,669,491,4.3089,0.9244,0,16,1,3,76.71,1,0.4431,0,0
0x85b5E9B0beECC110b18a07818f0FE7CCCAE5B0ea,664,398,2.7532,0.5026,1,13,2,18,64.55,3,0.1623,0,0
0x5334e8381f32ae7C437A86a49ba188f635BEaa1E,1409,191,1.8593,0.5622,0,10,1,13,63.28,2,0.5712,0,0
0x85EC6Df7896fe0026DF543A8CbEEE52943EfC78d,32,37,12.6438,0.1976,6,22,10,5,24.6,7,0.7227,1,1
0x0ef56c210235741377F1A8026433FeB5BC8986D9,85,12,2.2849,0.1543,5,32,8,5,28.22,14,0.5962,0,1
0x0C30Ef326DdF64F562c8b6B9ebB14b38167a93DF,249,115,0.8127,0.7395,1,13,2,16,66.68,2,0.2475,0,0
0x1b244346623598583Fd64f4866eC4E2332a35a59,242,273,7.1968,0.9216,1,13,2,18,81.47,1,0.0487,0,0
0x3966037F6a7Ebb8d7AaD244beB8176cFd06BC194,406,885,10.2374,0.9013,0,11,1,5,65.57,0,0.092,0,0
0xfb0E3cdc85E380e89194269DcBadA9a877c0f306,289,981,10.2725,0.7553,0,10,2,9,90.02,1,0.0985,0,0
0x32Dec2E68f212ef1b9AFa629a7D59A448279Fcd9,727,137,7.7592,0.8741,0,8,3,13,84.63,2,0.1672,0,0
0xd7dfb7292D9C61CE662bE2316bF78BCB00BE0EE7,111,27,6.5398,0.3477,4,33,7,1,19.24,12,0.5119,1,1
0xBEf73dbD21258dc14a05A14A32DB177bdF1679Eb,28,93,6.7248,0.068,10,21,9,2,21.9,12,0.5887,0,1
0x6e2f012A896c46381eE3EB00Fb9923e067269c77,65,11,13.323,0.2869,5,23,8,2,44.39,6,0.6094,0,1
0xd2E25c4d878e9055674c288411942813fF371e77,120,9,15.3845,0.0295,1,24,12,6,44.38,8,0.6227,0,1
0xF9598A92bD01811344f63eBf52821EC339441a3B,264,5,24.767,0.3318,3,30,6,4,30.47,8,0.5017,0,1
0x83a6441b134b5Fa146e2823BF015c77d6fa7d20B,49,26,3.0492,0.2833,5,30,12,7,22.84,5,0.3088,0,1
0xf51E2B09710D9763BB7cDcdE89c268A0A6C3980F,274,159,6.4731,0.6636,1,4,1,12,65.84,3,0.485,0,0
0x21A4527Dc37A5E01c17B16032D38c8c51718d7d3,38,14,54.3816,0.2391,5,37,10,7,38.71,5,0.6429,0,1
0x40541aC264fad1C3e8e42634A0FED61c9f95F681,400,43,2.6715,0.2924,1,20,15,1,16.21,5,0.4393,1,1
0x252129E73F52BCaa11a201630CB267dE9d96F0E8,310,392,2.7903,0.6074,0,9,2,18,73.48,2,0.2554,0,0
0xFbCD2d8931B1DCfFA8bB006d6782d118Eb110B9d,218,59,190.7068,0.1464,1,26,3,5,40.32,10,0.7296,0,1
0xeefd553964C743c2DF8fE8486156a994Fa5738Fa,1353,81,8.9664,0.6547,0,12,0,13,73.73,3,0.2359,0,0
0x0C56EC01FF75A909255Bc1bF21c62A76a6448e6a,25,9,5.3654,0.1387,7,24,7,5,15.06,10,0.4669,0,1
0x62b743eFD35266BB8C77fE323515CC5097028bE3,30,8,41.092,0.0293,1,33,5,3,13.93,8,0.7919,1,1
0x97D077D3549D3b826388ec18A88c086c057Cf37E,821,202,2.2327,0.7163,0,12,1,3,60.01,1,0.4004,0,0
0xCE728EdbC3bbFa4A480495B6BE72660B2D78250b,1331,467,17.141,0.8648,1,15,1,8,52.41,0,0.3153,0,0
0x796a9984bCDE1Fa2a73fc3021e70bb5850fdb5Ba,54,15,19.3084,0.0796,4,21,9,2,32.17,6,0.4917,0,1
0xCc6d483bEb23DE8eDE36E6730CDB1Dc1d8f26B8E,45,30,107.3468,0.1946,5,21,10,1,7.36,8,0.7626,0,1
0x72159c8356FcDbc2147d94c70bFa54B377261f8C,269,18,2.8881,0.3197,5,27,7,6,6.39,8,0.7892,1,1
0xb988bbB8F2e2ff50b636953b9C1b238Dc07c9a6A,115,5,66.521,0.3083,5,29,8,2,32.82,8,0.6369,0,1
0x667b012a9fEb67183dA4A9529193fDB4feF08E5d,985,690,7.1221,0.3915,1,14,0,11,58.57,1,0.1401,0,0
0x9E76AB02232Bd67E3f34ECCB1EdD568996Bae1C2,33,34,78.9958,0.119,5,37,12,6,12.24,7,0.8385,1,1
0x7AdE9b0b7eeC6613EA9221293A4435BD7ea6081C,215,360,6.029,0.903,0,15,1,6,52.18,0,0.0623,0,0
0x9129582Bd8fdad59f6d1282F8A59F800bC77609b,402,229,3.9533,0.6044,1,8,0,4,68.07,1,0.2514,0,0
0xfa336E929b3a13A1f390c48b904361C9d188a445,1500,643,3.388,0.8057,0,11,1,18,59.28,0,0.3586,0,0
0x0735Eb7983CC4e127dB0829792cC482Cdd1380d3,239,128,1.3349,0.8853,0,13,0,9,87.84,0,0.1163,1,0
0xC0b78408c9688E88d59f32dC68DacEC153DA3cCd,1229,213,1.9691,0.7431,0,15,1,18,92.48,3,0.0967,0,0
0x485b94A94Bef11269336Fc280009471CeC2064bc,833,154,2.2919,0.8736,0,12,2,10,74.49,0,0.5208,0,0
0x29104a04B3ddBF38ab6e02Cd30fa9Ecf66536115,91,18,65.9402,0.0409,4,28,8,4,0.0,6,0.2963,0,1
0xfF2aEE5f79038438b0961D9476b54F39517eC892,1018,210,2.3411,0.8165,0,16,3,18,61.1,3,0.0935,0,0
0xbfEb18E6A17546635F084083dCd48e3678ad0f91,1500,195,36.2174,0.7574,0,11,0,16,63.59,1,0.1587,0,0
0x9A55ABe97a42044B925aC7675EA7637E1848766E,767,321,0.5296,0.8385,0,12,1,3,62.55,1,0.207,0,0
0x3a46Fc08B2fd99De621bb25aA4bB51B5Ee17D9CC,15,21,39.6579,0.044,7,22,11,3,35.63,12,0.5226,1,1
0xC83bB8576adac904E723CBDECae82Cd717cc1983,183,60,55.5819,0.0349,3,34,6,6,34.29,8,0.928,0,1
0xC9a24d7cd7C0a1630BCAB13C96D2a037aa53903B,67,8,104.1609,0.0392,8,24,10,5,21.98,7,0.8672,1,1
0xeddA162F27A5044136f4CB672251D65C7C635956,111,8,43.2893,0.2011,4,33,8,3,29.6,11,0.2736,0,1
0xcfc2a38da7552A94709Ea83CC028Db688Cb4c0A6,501,206,19.0773,0.9279,0,14,2,14,60.56,3,0.1941,0,0
0x06fc946A1f598504569605A2fa8d1d212cf5edeE,338,419,0.6826,0.7273,0,16,2,9,41.54,3,0.1618,0,0
0xCaFec576258BB6409DB2341D0443946A17DAeBDD,18,54,5.6647,0.1281,6,31,3,2,54.83,9,0.6939,1,1
0x41BC5ac25D1246f54537ba92483cbaf1F2c0Eb5A,696,285,7.4692,0.8306,1,11,3,4,58.54,2,0.0868,0,0
0x27Df201499056Bf3592f1b8A13a11Fe3D25397F8,249,88,1.6827,0.3393,8,26,9,7,18.9,11,0.7118,1,1
0xA8C5D427df2B2c6ac6396bbaB0a584bC46846de2,13,95,104.7564,0.1808,4,30,8,1,23.04,5,0.5548,1,1
0x34e5cC87c8A3Ec4d7e0B4B0155A40bEe13c3eFc8,785,377,5.8273,0.8572,0,8,0,12,71.17,1,0.0994,0,0
0x5Fa6581173d76BeFd5740729222f55B6EFe7ee97,362,302,0.5211,0.8183,0,9,0,15,65.49,0,0.3776,0,0
0x7D2c15c9FeeD1F75819141727eAdE22d6f0D67f0,129,7,2.481,0.2956,2,27,12,1,30.08,19,0.652,0,1
0xc8D481DF028DFD3bb83F556C09a79c02F4C10dDE,645,282,1.2309,0.8146,0,14,3,4,53.05,0,0.3064,0,0
0x9393035FE244a84Ab901B384451840ad78509740,113,5,4.2546,0.2099,5,27,8,2,18.98,3,0.819,0,1
0x47f4fF8a6dcBD6f55514BE363363B3B951d3754d,13,9,36.5713,0.1187,4,29,7,2,26.67,13,0.5352,0,1
0x2E7691bF3590164C2c8EdaA436eB8382c7F62c95,206,524,2.0995,0.6554,0,12,1,4,45.39,1,0.0487,0,0
0xfE0CcAdC056bFDc197ecda0E8df0a489352823FA,111,21,55.6641,0.2264,9,29,7,1,34.56,8,0.5533,1,1
0xAf8E0d44Fe90A40Ccda7aEe0D328aA95e04C7857,469,107,3.5616,0.7126,1,11,1,19,82.57,2,0.2913,0,0
0x1901Dc31cedb0e158EB569633F34bC0B6A670A80,1318,141,0.2368,0.8261,1,12,0,12,74.57,2,0.2945,0,0
0x2C6e1D7616690178A552BeFc5840143500B4E808,255,282,16.9274,0.8518,0,4,1,6,86.79,3,0.3801,0,0
0x082eC4f34E054aad1D5c52c75c05D444DBa91332,186,936,4.5461,0.979,0,17,2,19,67.63,2,0.0525,0,0
0x4B8Ec29cfeE606909320120fa88EeCd6c5E70989,1500,59,19.831,0.6989,0,8,1,15,100.0,2,0.3169,0,0
0x8a896CB4Bc8d3F5588368fc94B8da37397F66173,262,239,2.2043,0.7774,0,12,2,19,71.21,5,0.0408,0,0
0xE37b84d6D432B64BDb6a9677f651e99C2D40D2C4,7,24,10.0726,0.1912,2,23,10,4,34.43,8,0.3011,0,1
0x5D68F87794C86670bf169804c64671257A6B059B,38,5,6.1218,0.1093,8,28,11,5,15.08,8,0.4315,1,1
0x001f2dd33bc5D87EB3A55b0d8848ff16541a899A,293,262,1.1606,0.9784,1,10,1,4,72.6,0,0.1388,0,0
0xe193D2eC88ae48f9247F9BfFA5A6Db89E1555D96,1500,151,33.9303,0.7046,0,18,1,4,83.1,1,0.149,0,0
0x8d1734739C1D1B72Cb786f4Ac43eCA09CE7f63f3,46,69,17.6225,0.2001,4,29,11,2,28.44,10,0.5709,1,1
0xE93bC75d953e3789E8895607e159009462430DEe,1442,114,3.7265,0.9346,0,7,0,16,95.78,1,0.3274,0,0
0x42304249EeAc85CF2393d9C8B9C3c8978EFFe833,217,92,4.1,0.3306,5,33,5,2,15.28,7,0.6047,1,1
0xE8D67e588848f83cc6d0BC61ee7A4Dc28c0BD831,212,83,1.7827,0.698,0,13,1,16,72.37,2,0.3589,0,0
0x7B695f6206179E591A62b991723E208151413E4E,682,739,4.1027,0.8182,0,15,2,14,66.34,3,0.3565,0,0
0xD5F40717907DC364E2Fe14624FD2D772734b2D80,379,380,4.5683,0.8577,0,10,1,8,49.14,0,0.0664,0,0
0xe10f9Ab59362711944b660Fb9FD96c825BC0a7fB,27,168,9.6498,0.1966,6,23,9,7,17.48,9,0.732,1,1
0x0694124761EF858b01aB1126372571f8f65eefD7,503,545,3.6529,0.8921,1,12,1,5,71.27,2,0.3216,0,0
0x2C56d06bf4b37FED23b9cF09D65C8a1EeF459b99,244,443,4.6311,0.7344,0,13,2,16,71.87,2,0.1589,0,0
0x126B262A6ae32b650E73115Ec88A541164B3d147,77,71,18.4211,0.2023,5,33,8,6,34.14,7,0.8104,0,1
0xcD777369d2BB6aAeF5f9BFdf110346cbaDFfbB88,500,1221,2.9719,0.8138,0,10,1,15,62.36,3,0.2229,1,0
0x3e7a6c0e8852D99497DBbFeCC65A2490679a4140,529,258,2.8776,0.4486,0,17,1,14,52.04,2,0.1558,0,0
0xcaa7b10092d12cFB761AdB6E44A0d309c44c6586,19,42,8.8634,0.2548,7,28,9,5,16.63,4,0.8853,0,1
0xFf223062B9daeF3C5132F39ea852Bc985a9B5cDa,16,7,21.3589,0.2166,4,29,10,7,40.18,13,0.7781,1,1
0x47fb77B47fD7f6Ec9dCBF80b84Ad7e4cB5340c66,384,217,1.7884,0.8822,0,13,2,10,79.59,1,0.2599,0,0
0x5Fd8de5695b089f4Db1c10D97Ec16b2B728f6714,1500,285,8.726,0.8395,0,12,0,11,62.89,3,0.3089,0,0
0xefA5398849e6E9955A4c9eB5bEDdC76BF6994d5d,19,86,102.8439,0.0393,6,28,9,4,41.65,6,0.5333,1,1
0x2e2861Bdc41C6382795E531deD4A0A5De91b1E64,21,5,3.8523,0.4576,9,38,7,2,0.47,9,0.582,1,1
0x84d09c2980b1cf6208dC6bDF57D67223441D42Dc,1500,288,5.028,0.865,0,12,2,13,57.9,3,0.1318,1,0
0x5b0c79d879761863183d9423309843ead52a6915,1157,63,0.8979,0.9262,2,10,2,3,67.26,2,0.0981,0,0
0x103cfd8225a375fA4F084e1A0B4Dec025A3B08b5,612,183,5.8437,0.8149,0,16,4,10,65.55,1,0.2817,0,0
0xF4482CC91cADa1d6A8712E332d248976570FF581,158,28,2.3573,0.3997,5,27,9,1,37.03,11,0.6997,1,1
0x0A5DAd69d1317C61959Df3142f6D7bAA9297755F,31,15,26.0826,0.4101,3,33,11,5,49.58,4,0.6345,1,1
0xe90a0B09e5d6FA815921b7619EBE1c9500BFB881,57,8,21.6452,0.1596,7,18,8,2,31.07,7,0.7286,0,1
0xD07fF250F815c6E81620F70D07B070D5BE7b85EB,376,637,13.1048,0.6191,0,11,0,11,73.31,0,0.1152,0,0
0xB8E26f33C16a2C9A74546CF8Fe78D70567Bd2b1e,90,95,39.1891,0.3165,3,23,14,1,3.26,7,0.4535,1,1
0x6779840ebf3496d423f46483aDdbBA0BEebbCF6A,18,26,10.0961,0.085,4,27,10,3,36.13,11,0.644,0,1
0x12d16f98BbB099200898864471da1d09200d030A,284,349,3.6353,0.9133,0,19,1,7,94.87,0,0.0952,0,0
0xc47D4bcf1aE6739F706C2a69d765438E48F3873b,873,124,7.122,0.8384,0,7,2,8,73.88,1,0.0836,0,0
0xd54D79964aC3ba65d21eD07B38eb7C183AD682Ea,831,155,4.9431,0.7849,0,15,0,11,78.19,2,0.0544,0,0
0x18C6b542aA812C6F911A8e3E5E95E41F559cC405,295,189,0.6296,0.6361,0,11,0,16,72.09,3,0.2992,0,0
0x7123cc6396B8EfAa905bc7939c63C577677b8A10,306,13,9.9097,0.1113,5,26,11,7,14.34,7,0.4331,1,1
0x3E6c74aa6231D8e558EB97A4330C28CBC6Aaeb5e,775,75,2.694,0.7249,0,11,2,8,96.1,1,0.3677,0,0
0x2b7bE02C0628e2149febA5C40234318CbdC4961C,201,327,2.6826,0.7662,0,11,1,17,74.89,4,0.3419,0,0
0x158d6E9369256d731F3DD66Fd8EE60C273C758A0,67,29,2.2122,0.0075,3,35,10,6,33.2,8,0.5487,0,1
0x6198c9Ad289683C50d8d313de0B382434f61dcB6,22,5,13.5644,0.0633,11,29,11,5,26.92,11,0.6928,0,1
0xE4fd5Fb4EaCA8C40612cF426E0Cd929Ec234Bd13,193,226,7.5573,0.6281,0,8,1,10,65.61,0,0.2635,1,0
0x8b0b8Eb817bE75da3C2AF63955f45f4e7C9834B8,46,34,2.5955,0.2882,3,27,4,4,38.27,8,0.5044,0,1
0x1D7452D5D19c95d82664BA12B9AcD6A87E709cAB,216,5,0.8694,0.3348,3,34,13,1,33.37,7,0.6329,1,1
0x8Cf60aC6bC6Ee33F7F4388ea00916c64a44e87d6,389,451,12.4458,0.9563,0,9,2,18,62.84,1,0.0526,0,0
0x2436D2a052a0dF01D981e632E3c15edCA06693Bd,46,36,24.4638,0.1399,5,29,11,3,10.36,7,0.52,0,1
0x6be3C7b64125E5597A011B1F511663D477249FF5,367,1010,1.2732,0.9158,0,8,2,5,66.16,2,0.2857,0,0
0x4Fb9D5C37C19248bfc3ce9F36650D403a09Da11a,76,21,4.753,0.2797,7,29,11,7,30.13,10,0.2137,1,1
0xb418dfCfa2Ae079da6EdF14C2b358ad95A60920d,49,47,0.5664,0.2527,4,24,7,6,38.13,10,0.8934,0,1
0x6F1B8eEDE6aC5770EFF82DFaB7653a790d10a014,119,36,12.6133,0.0254,2,32,10,7,44.88,8,0.5008,1,1
0x97E9e229d23dd84318f24937D424c9071494Ec6B,11,34,29.4871,0.1556,2,21,8,4,31.81,7,0.1855,1,1
0x765C86DFe525A4b6E4C197e560EA203eaA84fCDF,420,541,1.6519,0.5528,0,14,0,18,65.23,0,0.238,0,0
0x7e5960D4824a5bF37e2ef6Dfbe382302e5868Bb9,353,264,2.2069,0.7359,1,10,3,19,66.53,1,0.213,0,0
0x2c59c9A8A4B844B72f3f9f5bD8Ec074b06e8b0F9,193,633,4.9622,0.5826,1,8,3,6,88.65,1,0.1524,0,0
0x0DA5E291AB219AA2c193B3e07Fc7d8fBEE2Cc8E0,79,17,6.8307,0.1338,3,38,9,2,46.05,9,0.6232,1,1
0x61755D3fE84e953789265cb1f960eAA380a7AB3F,72,86,17.3199,0.0947,5,24,13,6,34.13,7,0.8059,1,1
0x04665Ea72555eb8d774f0963bE9f2CCeB7F56360,40,18,118.5242,0.7065,5,24,11,2,21.4,4,0.7262,1,1
0x0Cb41f8d60153B5294897AB80996e062B6C02eC1,518,592,50.0296,0.8025,1,11,0,7,75.05,1,0.0894,0,0
0x45F8763C4F8aCefC2534FEbD6Bb4f51c2bD3337B,897,140,8.2031,0.7765,0,13,0,12,72.69,2,0.4463,0,0
0x0b4a7557BEbDa640B8fF96D123ca95950FB7780A,1289,330,4.4278,0.9203,1,12,2,18,69.21,2,0.1129,0,0
0x12BC83F692325962627A4C6cb27C73aa6cdF8d58,866,408,1.8554,0.8986,0,9,0,7,83.66,0,0.1556,0,0
0xb0a282c379cfCc464D5D701ebB7E1a31Af0b88aa,336,167,3.5111,0.4574,1,7,0,5,57.16,2,0.2335,0,0
0xBd6C46c72fb260906B3de3Faa1A86549EBD6C045,86,36,0.0983,0.5056,6,31,10,5,15.17,11,0.4461,0,1
0x90e4584fC7adf8b7D6341eC34081C05dE1900254,30,18,47.2559,0.0252,5,25,11,3,8.82,5,0.8343,0,1
0x816e75C636d8D735C62c8748cAAec5c05a2c7d98,24,63,26.8275,0.1349,3,33,11,6,4.0,10,0.8863,1,1
0x12D1677632EB1A3960Fc40bF938E6e438dfC0B40,63,30,66.1032,0.5747,4,26,10,6,32.03,9,0.7298,0,1
0x74311fA0a834319Af1CF12E7B2cdaB04a6Ac84ec,592,136,9.7734,0.821,0,16,0,5,97.59,3,0.1854,0,0
0xdC2bA9B711C0EF6b7d31648ebB7CDb411886A29b,20,20,1.9887,0.0309,4,34,12,7,18.91,9,0.8413,1,1
0xa0bFC5Bd957975C88Cb5298FE6419424F0Fdf9B8,55,8,4.0584,0.2232,5,22,10,1,30.1,5,0.917,1,1
0x43Fbf5BED426b228de585147D7f2E3A0335D871d,87,45,6.4487,0.2443,5,33,7,5,30.31,7,0.3731,1,1
0x0Bdf8887Bbffd8e9346c57aCb0233522f366DEEE,26,29,3.0095,0.5398,3,30,8,1,45.16,9,0.4685,0,1
0xFDc47dE9A5a93646411e8f5946a9507B924b7e43,9,59,18.8149,0.0587,3,33,12,6,17.78,7,0.6542,0,1
0x932FB61ADe2b6819dD48e3BCBc1d789552c83E58,350,222,3.5578,0.851,0,11,1,9,60.34,3,0.1537,0,0
0xeEbc542bbfb20077CF1f03351491768Fc3199234,44,5,54.3189,0.2576,7,33,14,4,28.03,8,0.6723,0,1
0x0A6fd4a903FE3Fd79682f160eADDcd01c9921217,1426,149,3.4688,0.8311,0,8,1,16,64.52,1,0.1707,0,0
0x154A4FBf467dfd90Bc1D1aFEA186816B6C5be5Ad,516,42,4.0311,0.923,0,10,1,10,92.15,2,0.0958,0,0
0xf39D4b31035C442c2C7Ec39Dbd6e51A20Ef09840,8,34,22.074,0.0726,4,30,8,7,37.26,4,0.6335,1,1
0x7E836e3c79Be64552a199596AeD77b82fe6E07d9,60,17,71.3849,0.1254,3,31,13,5,27.33,12,0.7806,1,1
0x4b33498bD67bD0BD410C32D09D609F19Ff89521c,9,25,11.4195,0.0838,5,27,8,6,20.92,9,0.553,1,1
0x93C8B7fF1FC996F39D702c092712EeC75e3B2324,1500,160,3.5444,0.9628,1,12,1,15,72.66,2,0.1786,0,0
0xcDcEcC2b8fd06610503236C696F075cFbEA4Dd39,487,241,1.601,0.9237,0,11,1,6,73.75,1,0.2942,0,0
0xf28c0249f63f06AE67aD3e9CdFD84b1e9f781873,252,177,2.082,0.7503,0,13,1,3,77.09,2,0.3185,0,0
0x2Be4576B32f7FCdDE8A01477d92Ed7fdE4571E9B,399,19,17.1351,0.1721,5,27,11,2,18.62,13,0.6124,0,1
0x710e16e88692a415710aB0C3fc877Fe7a326E861,17,30,0.9882,0.127,6,22,10,5,35.62,11,0.8518,1,1
0xbC5680a2D018F806928B5296671db76dC9367cAa,39,24,4.5661,0.1707,7,31,11,7,21.83,8,0.5073,0,1
0xcDE19df3D65330Cd0820b1FE8C17c046B187AA0B,325,41,12.1375,0.2133,6,25,5,3,30.38,9,0.6475,0,1
0x7eE0a588795510DC65AA749bFdA722FB7Cea10FD,345,118,6.1697,0.7747,0,9,2,17,62.38,1,0.169,0,0
0xDE7366B95fDBbcfa2152784b366C681dbEACC410,664,280,2.3156,0.8476,0,13,3,9,73.64,0,0.1367,0,0
0x1fF8cB5279d531b9dF95E86e7FfFEAF0441afDa6,21,14,1.5972,0.2388,9,28,8,2,12.47,3,0.4983,1,1
0xE09b4B8f5bF7F60068a6Dff7017C5E10afc2DB33,17,21,4.317,0.0918,4,30,8,3,0.0,5,0.5786,1,1
0x20a7be75a791072C3faE05f1F679D643CdE56052,263,613,6.6138,0.9513,0,11,1,13,58.7,2,0.1177,0,0
0x4a677bBB5A7940E0422237ED79fB69A45DE693CE,1500,243,4.8808,0.9414,2,13,0,4,86.67,2,0.1627,0,0
0x243711628b68aA4d06E1D95bE9656E9BA38c091c,560,1382,1.7905,0.9357,0,7,0,18,64.24,1,0.2823,0,0
0x7dB0F9804f0AA7b897E4F17bd745941953FA2B3A,88,5,7.0755,0.1036,5,21,4,5,9.88,4,0.9104,1,1
0x51C95811ab5A0d9368813d66cba78d1f46fa1b6a,102,80,12.7261,0.0696,6,26,4,1,16.56,5,0.6525,0,1
0x19658a5Dc2532f42AcccFff93007F0a1FBE9B466,98,9,1.007,0.1113,3,40,11,7,19.8,7,0.2365,1,1
0xB1f97a88D9d246BFccd8C21C3f0A1F4358E07338,23,50,5.4255,0.303,4,37,7,1,16.98,9,0.5346,0,1
0x8410FA1BA44e917e6A1BA963Fbae319D3A7f2D6E,263,461,4.6564,0.8971,0,11,0,14,64.85,2,0.3845,1,0
0xE5E794d78b0D27720913284a3C39b9674B8809Ba,994,214,3.4598,0.785,0,8,3,3,74.49,0,0.0842,0,0
0xf39F910ED45CCBD64c8850b72002a44EF3Cb3408,491,649,5.3399,0.9045,0,13,0,9,87.4,3,0.3126,0,0
0x2fC1E19A3Fa390FF8CbaDe833c37F9F5C6836835,84,5,48.7138,0.3148,5,32,9,1,36.45,9,0.8508,0,1
0x4484c60Cd6639d0d6e4f5C2974346d1CEE4a0761,91,6,13.4941,0.0236,3,24,4,5,38.78,12,0.6925,0,1
0xFA8883033Fda38AfC8976B3FBdCa7742543FE847,307,193,8.5979,0.9619,0,20,0,16,65.42,1,0.0711,0,0
0x6139e8D7724858E0773d65794811c23A2B36228e,568,127,3.3352,0.5901,1,11,0,17,45.71,2,0.1067,0,0
0x962Bf9Bc5228ac5FD340742D3311CC916cDAF0B5,347,200,3.9296,0.8611,0,9,1,9,68.11,1,0.1597,0,0
0x69CB36f7249c4b256b1EC57A35Fec20ECe200931,47,18,4.9418,0.2262,1,21,5,7,47.5,4,0.8942,1,1
0x658FF3290Da6e51040924aAB5EadE95e0fC709A4,477,514,5.8796,0.7759,0,19,1,12,67.72,3,0.2012,1,0
0xe9Fec412305Dd0D4d209BEC4c2C5C9B2447f00DB,216,124,0.8666,0.7767,0,16,1,13,61.31,0,0.2346,0,0
0x0689bfBae0Ae32Fa217471DF5e77D06CD37171FA,403,797,3.2288,0.6545,0,12,0,18,99.39,2,0.1029,0,0
0xcCb3F551b71a5460297155de733cA8Fc18E56927,248,306,3.0971,0.7644,0,14,4,7,70.93,0,0.0723,0,0
0xB28e4a8313c4429766a88688745758De6B1a9Efd,339,227,0.5488,0.8593,0,19,0,6,66.29,2,0.2298,0,0
0xa85682Bd447F3757336dB957054acedf4e0A8691,383,145,2.3741,0.9265,0,6,0,10,68.97,4,0.1185,0,0
0x66FA7C319F3DaDF0A0edaba1f12B6F4367b8130B,264,210,3.0941,0.7491,1,17,3,13,65.61,3,0.1553,0,0
0xab9b1d7872010F8737F5A7d8cCF75a1EBAB4E02C,367,865,1.5062,0.9332,0,9,1,13,60.89,1,0.0432,0,0
0xb348e0dA3f8aEa89c2747e5A9a6211e49BCCe6bF,209,24,1.1912,0.0506,3,28,8,1,31.78,5,0.7626,1,1
0xCe22AA7a55F20cd370D2ff46d395013a93E8532B,74,63,131.8113,0.2396,5,31,8,2,11.06,11,0.327,0,1
0x67456935c95A370fc1Ed03176b083e295E018827,773,949,2.1243,0.9687,0,16,0,6,91.28,2,0.1926,0,0
0x7f7Fa048f307B766E2bc1d4C6D11bD5218aE8619,809,279,1.5039,0.8045,0,10,3,15,60.57,0,0.1875,0,0
0xcb5dDF996121E345f8BC46f0c898940148EDD4fe,433,126,6.6168,0.6819,0,13,0,9,75.06,0,0.2121,0,0
0x1872e15C0Ee6efD36785BB1dF5BF937Df170D70a,19,6,2.5547,0.5948,2,22,9,5,14.13,4,0.2164,0,1
0x7b817Fb1DbAdFa0f640Fd0875f36cA253511d99e,58,78,5.4945,0.1454,5,29,5,1,35.3,7,0.5024,1,1
0x7ABFE40E1CD1A80cc4AdAf694f204a4715F5CaA1,265,382,4.8668,0.9052,0,11,1,11,59.78,1,0.1681,0,0
0x0B5F2029bbF7A99D86d5F194Aa665D884EA40D4c,52,85,17.4737,0.1243,4,32,9,1,6.01,9,0.4324,0,1
0xFF4869F41BfaA407CaF7baFA65f7aD8b8DfB9053,226,8,7.4169,0.3349,5,36,8,2,41.04,8,0.7911,0,1
0x56b504Af85a26F45b5A374Eb9DeF69f988fDbD64,545,237,5.2193,0.6175,0,15,0,16,67.02,1,0.2028,0,0
0x95993e6535733E0185dD1423D68c4cF662afabF4,67,32,1.3907,0.3014,2,23,10,5,31.62,10,0.4504,1,1
0xa798ed49370a57777dbB9CF874cF6F6fE8a93cb4,143,8,1.546,0.1073,6,22,12,7,46.23,4,0.6825,1,1
0xf25592167ACE44B3352B7B346b725EDD8aAf216F,412,340,3.7388,0.603,0,13,0,18,81.61,3,0.3733,0,0
0x0C20a9Dc039F0C1e03b3e11Ec786eCF79127cA13,40,29,0.9685,0.2534,5,25,6,4,22.84,13,0.6416,0,1
0x6d3F22Aa91310cf74a5d1eE5D6c80FBB2448c563,16,18,7.3398,0.1696,5,27,6,5,51.68,4,0.6764,0,1
0xE0D4209B2f9f4E225F4fe0c1a6192240B8459322,405,134,4.8647,0.7533,1,9,0,17,56.26,2,0.3809,0,0
0x4BE104eC4f6aa5B299F06fd1CC53b73135856Ee1,27,20,200.0,0.1162,3,30,5,7,22.47,9,0.8113,0,1
0x4f05e170532B86e073D9b38E78799F2AE652fAc9,827,332,2.5843,0.7935,1,14,2,9,75.72,0,0.1861,0,0
0xD7846297349155DcD99A1f3e95CC14D23bdf983b,34,29,13.2893,0.1787,4,32,7,4,34.53,9,0.5662,1,1
0x2a6D8B58F8D520D078a4822CD328F85B51A3A38b,49,5,6.7589,0.3704,5,24,11,5,27.68,7,0.5593,1,1
0xB7C46E95218017634d24a135e37ebAB7Ba645E8E,1500,255,1.435,0.8458,0,15,0,7,67.47,0,0.0734,0,0
0xc5302B46Cc332382544711d985B088Dd8B5678a9,343,232,31.7644,0.954,1,9,0,17,41.32,2,0.1641,0,0
0x7516478a458059349c6943B06CBCb7fFa96d4Ee9,107,62,200.0,0.1482,3,26,7,4,17.97,12,0.7359,1,1
0x84aF91C4daEE8ba75627Ae81E3c8086B72D2e771,64,8,2.5338,0.0783,3,28,12,6,25.62,7,0.4387,1,1
0x2f7d41Dfb245A26D1aa1506A37c6028F5Dd6d530,1172,154,15.0585,0.7873,0,10,0,14,68.37,1,0.5325,0,0
0x6fD3710467DA4f74346967Eca633107B42C5687d,1500,83,9.0995,0.9663,0,13,1,16,63.62,1,0.1601,0,0
0x5a19d68FD1e8A2D8473163f5c9F78B4E879Bd61d,258,7,5.7118,0.2998,8,19,5,5,41.44,8,0.3306,1,1
0xAbDeb96dd797d221d6FE6a7A19D2dE586a30581b,255,427,85.5494,0.6307,0,10,1,19,68.94,2,0.2305,0,0
0x08eb0bB7A57c2aC066EfeE1279ff4F9e71Da2690,277,229,4.4526,0.8358,0,13,1,5,74.33,4,0.0885,0,0
0x07F86C9E0cF1aEc5E1C7f49C49343b71750144fB,24,15,46.7337,0.2361,3,33,7,5,33.27,6,0.5095,0,1
0x728DE1d5DaF42811Ab1414C450cc5d0224004153,11,67,2.8125,0.4223,5,34,8,4,16.93,6,0.8794,0,1
0xE9C9c182462F7F52880D629861D9F24649c1b058,95,8,0.7577,0.3674,0,37,9,3,48.21,8,0.3714,0,1
0x63B6Bce8F55f466C305C57907f1652C37A17a0Cc,186,318,3.945,0.7346,0,17,1,10,66.84,1,0.0637,0,0
0xe31F60d9f92BdDA0FEE1199a6ae6E17e01Be3632,1500,420,21.6071,0.9297,0,9,2,10,79.13,1,0.2536,0,0
0xeb622D3EA5f69B39EEB33789c6AEa47A3031d187,864,153,3.7646,0.8183,0,7,2,17,71.15,1,0.1789,0,0
0xFc8d82D512f4DEdE6FD814D93121B7C02867C3f1,882,101,4.5123,0.8613,1,16,0,3,64.95,0,0.1806,0,0
0xCE79555C5666781f6127CC66377E272D021A4a1e,451,1797,11.9276,0.9137,0,13,1,19,79.41,1,0.1965,0,0
0x6DBb267c3b337B8c7380C6E69c2a3173319af185,578,543,6.53,0.9194,0,15,2,18,79.09,1,0.2401,0,0
0x5102c92B9f7822a8838ebE984049Cb6053Fe6095,352,250,4.5782,0.902,0,15,1,9,94.94,2,0.5512,0,0
0x061d68069610051BE3ea3feea114e5f54eFa70F1,1500,153,10.6884,0.8171,0,14,0,14,46.64,1,0.021,1,0
0x7C778f19f4AE6cF404C8413944b4dAF82c5EbC16,1006,74,1.8382,0.6672,0,10,1,16,72.19,1,0.0626,0,0
0x9cf355d8260C4F2BEC0a7cB562e97473E822d317,280,118,3.2238,0.6123,0,7,1,12,58.5,1,0.2607,0,0
0xA694766681dfe22771AFF70e52970fA186212193,43,19,44.2644,0.2059,5,35,7,4,14.34,10,0.7193,1,1
0xef4161D6966bC54373D0bAF61FA220ab4707a2be,393,897,0.4938,0.676,0,12,3,18,80.39,0,0.1546,0,0
0xfcc44F7890bB371771dCF76149B0427C088dD05c,130,18,53.5629,0.2993,5,30,7,4,44.87,12,0.7606,0,1
0xc3333514dCCCc31fc3C7772913F3FA9f1DFD4C63,185,204,3.4327,0.657,0,14,1,17,85.56,2,0.2893,0,0
0x05000C417E4F86f9ac6EB624438d099df6ba4E04,1194,323,6.5983,0.9166,0,7,2,3,78.58,4,0.2406,0,0
0x87158ca1f9dC71aF244CD24758941ccfB091D6D7,322,191,2.4175,0.8243,0,10,1,14,58.53,2,0.1611,0,0
0x9E0a5888c11d910A8Bd6EFb0C18564064e48D8ED,1302,95,1.2895,0.8805,2,11,2,9,69.68,1,0.03,0,0
0x35B5B237D8952e43cd51C6d5dF7F5f5E75D9c1D3,67,5,137.2898,0.0688,8,26,8,7,16.49,8,0.6432,1,1
0x4Fa0fdD3829137C07f486d9F0cd2C85b936E28fD,126,34,13.383,0.1236,4,29,7,3,0.0,9,0.807,1,1
0x248d50F564337876934ec26Ee3f092e4daA67888,161,44,4.9584,0.3004,5,20,12,3,23.44,9,0.8235,1,1
0x614d7F3Cb16E70672EBB2a559e89AdE55A6E52ef,1498,346,5.3863,0.8801,0,9,0,5,85.22,2,0.1465,0,0
0x218a10C6b818B9b5Dfe8B9A13348bd66e7468049,87,22,1.238,0.1949,4,23,9,7,39.7,8,0.2147,1,1
0x9E01A191eC5e16D6A4b6ac0e75637434A8287589,120,57,15.6846,0.4378,10,17,7,7,42.57,11,0.5554,0,1
0x79a504c8C141835277Ea73F76f19d862E42DF961,280,441,1.8306,0.6851,0,12,0,9,76.87,6,0.0577,0,0
0xFf883A3786FA3D7BB9d06dcf443DB22b1c27453E,39,17,2.7361,0.0802,2,29,7,7,30.12,11,0.4309,1,1
0xBB41603468cF6eE7A4BC933e17f68fB388F7dC9F,1285,657,4.1308,0.9362,0,9,3,15,63.69,1,0.2531,0,0
0x8c4daf21e08E9e6277Af7dC809E9EEc16A44F41d,1500,347,63.0762,0.8699,0,11,2,13,43.87,1,0.3586,0,0
0x2db0c4Fb430751f4C1D7eaAC5B15aadB643ce87C,642,213,7.1227,0.9685,0,10,2,9,74.92,0,0.4795,0,0
0x5a321BaF7389bab9Cc118966A8DEb4d1e66e337C,1322,557,6.1184,0.7354,0,15,0,8,70.72,0,0.016,0,0
0x0452FC035f74b92E2292F7f0186Cd2fB99794705,63,25,30.4759,0.1816,6,17,8,5,32.19,8,0.2926,0,1
0x41520C97f3250B33844D373777C90953eD4fDD21,410,133,17.1237,0.5818,0,12,1,16,52.86,2,0.1552,0,0
0x5F4DF0Be42C1122DF590e9515934246E7D83032b,587,391,10.884,0.8326,0,13,2,15,43.44,0,0.3444,0,0
0x3Be44EC5b3295Dd9A6A08A18A824D73E53Ef8939,139,43,4.6843,0.2648,2,24,13,2,25.41,2,0.5851,0,1
0x98b37584f7e06FDb537d0560dEc1EE4DE97688AD,394,204,3.0283,0.8937,0,18,0,6,60.72,2,0.1788,1,0
0x79319719502f1d3d287933bB0a5B3C6186b4f019,164,15,26.6905,0.2178,4,24,12,4,19.67,6,0.8494,0,1
0xE220aB96D5fDd99C18FFeDBe8764BF6dc5E71141,552,422,2.0218,0.8339,0,12,3,6,48.84,2,0.3009,0,0
0x8AbC099943926c591F6DD414607BD35064AA329f,1166,444,1.4524,0.824,1,8,1,15,81.68,2,0.1269,0,0
0xd84F17FD28Fe741FC23439F014cCd0716823e9F7,55,38,15.7258,0.1179,7,29,7,7,25.25,7,0.5998,0,1
0x63B919C23B96CA57FA3fb4041dFc88238D6Fd9De,48,8,9.5649,0.1718,3,34,13,3,17.8,7,0.9688,0,1
0x2DCaa6aEf616ca6e47A9b131bcF15bc021f700DF,89,146,68.8469,0.0723,4,22,9,3,17.88,6,0.7895,1,1
0xBD940D9C2d4759df08969d9187c4E28fb16c7d5d,570,1118,4.5901,0.4421,0,13,1,17,79.07,0,0.3071,0,0
0x33f5006A2BbE152De84DFE43D97F3Ed74CEB9B6e,383,908,8.4109,0.9367,2,9,0,8,68.29,2,0.2284,0,0
0x6059b30cF6b58Be0231Fc5AaD0f1427A74a17F81,16,15,17.0393,0.2302,6,24,4,3,23.95,6,0.7879,1,1
0x18BA1C55d36DcD1384cbaca139FDC6344952EF3D,229,271,8.1137,0.8089,1,8,1,6,51.24,1,0.0857,0,0
0x52932Ca43BE48c43dFB61E010B4a87d851192957,105,74,0.5033,0.3596,3,21,9,2,25.6,10,0.5904,1,1
0x8B61141F814DF314dd4c79AD1b16Df96Da431b9B,339,148,3.7555,0.9732,0,18,4,14,58.31,1,0.0862,0,0
0x312e1646f15CD5271AC339CdF6aFC5a492A81AC6,92,6,3.5328,0.1482,1,34,12,5,11.84,6,0.6352,1,1
0xeFdD345FCA38582dFAcC696bFCcbA31c541bEDAF,43,6,13.8783,0.1242,7,22,8,4,37.27,11,0.4701,0,1
0xee6C33cB2B40c150B3aBD70e4fb0b70BEaD6AB05,296,693,3.5594,0.8995,0,19,1,19,74.75,3,0.2586,0,0
0xaA6C147281c9aE3e824478Ed2ECe0464bd677020,389,409,4.2423,0.8946,2,14,1,16,76.17,0,0.1551,0,0
0x9a226E47c79A224c13057dddab9aC1CC84F18728,559,185,8.176,0.7446,0,8,2,5,83.54,1,0.0662,0,0
0x5Ac080B1D77f5975292502c43bF0654F9414Fc4C,618,1564,8.8408,0.8052,0,6,0,3,90.17,0,0.1257,0,0
0xF3665d3d9A19Fd86a075241C043B762Bd640a557,128,30,4.0419,0.1016,1,38,13,3,33.44,9,0.757,1,1
0x129a36D10CEc86B4c20D5529Ae48BF63220BAB40,105,7,5.1378,0.2937,6,31,10,7,20.2,9,0.6586,1,1
0xb0700cFBd46d35697d077AF2450a99C217309635,33,19,30.9724,0.0424,8,24,13,1,47.18,9,0.6335,0,1
0x53f37C4AB244654724B9Ef8FA9E7eE94E23d1AcE,77,129,39.9684,0.2538,9,28,11,3,29.24,8,0.3531,0,1
0xAB1f38Cf7035e7FAcA6302D0E771ae0F9ab1fe87,1012,193,18.2032,0.7281,0,12,3,9,81.27,1,0.2806,0,0
0x276CF2E69DA81385096285e5Cc4dAaC5aA056466,18,7,11.2246,0.4297,4,32,10,6,9.48,7,0.7241,0,1
0xc551BCcad18fFe8016Fc7EFc4Df3f710817AC417,37,5,2.2201,0.3125,4,33,11,4,32.66,6,0.8273,1,1
0xd4bEd9D2E3016Df1278F556F32aEBaf80dB727B0,218,932,10.8796,0.8592,1,11,1,18,72.82,3,0.1377,0,0
0x667727a6CcF082016F82Da590481FB0853213Fc0,897,431,7.1542,0.9377,0,11,2,3,75.91,1,0.2039,0,0
0x5aA1b02807046Ff9Db47e1484aaBAcf76B1dEf51,87,6,20.2441,0.3858,8,32,8,4,22.33,7,0.7345,1,1
0x33838E90f59a6EA18e0CA1fc79E97DfbAA036FBC,79,26,36.5398,0.3717,5,32,16,6,45.79,9,0.7913,0,1
0x49312A4c3AC8E96D7F5a06040fd15B16648263aE,361,237,3.2575,0.6809,0,9,0,9,51.97,3,0.2157,0,0
0xb2D97b893B08AD59bD2072094d14f6B357F46d70,67,87,1.4632,0.0906,6,23,7,1,41.84,6,0.691,1,1
0x6B8d0ae92BDa8B3c1F5eFFE990d52Aa95e584c5f,128,5,144.4046,0.117,2,32,15,4,29.74,8,0.7532,0,1
0x7334c25D75e53bA1f5a34f957170e79Ed9fd4582,37,7,53.6985,0.1894,6,20,6,4,35.11,4,0.6016,0,1
0x3500da4a04f8853e7FF7b1d25f7c14773861F028,240,115,1.5043,0.8607,0,12,0,8,69.68,1,0.3332,0,0
0x45587aaCebcC996065986216eD31406a4228a983,220,186,25.1597,0.1442,3,20,6,5,35.96,6,0.2148,1,1
0x9502F5F5726A90Ce0851f2c8421d0971c273d79D,699,362,2.8957,0.8388,0,12,1,15,63.5,2,0.049,0,0
0xC03c5b56029861c2DDD0bE46853D173fA7c5C5f0,293,78,182.734,0.05,2,22,12,5,22.36,12,0.7842,0,1
0xe52AC1fd81669E4A9e2d7689b382DB9A34258d75,62,16,16.1041,0.0683,6,15,6,1,32.25,6,0.5503,1,1
0xe6acE9258529676c88013037FB49979B1088a59e,31,33,2.3116,0.0471,3,26,12,3,23.03,11,0.7351,0,1
0x834BE319158B35fF233736A8C7385Fbe4Ae0F7f3,36,40,2.9215,0.047,1,24,13,5,52.26,5,0.7886,1,1
0xA7b02d242215F0F4C16c93ab370F00821Ed255FF,850,961,10.5273,0.6827,0,9,2,5,83.3,1,0.2227,0,0
0xdc145cB32714973EDefdA9C116b3E766fBb6AEcD,33,82,16.8936,0.2199,9,30,12,1,14.68,9,0.6756,0,1
0x1d97A5a81c8a6d06Ed1788Fa91fA9DeBB2bf0F00,229,60,4.0422,0.7549,0,14,0,15,82.26,0,0.1346,1,0
0xF984A44c93cc1ff44947C20439938f3af1b8d7A1,596,621,12.1443,0.7953,0,6,0,8,56.63,1,0.146,0,0
0x0453Bf2c6bc6A44921df253F054bCca5AB033919,22,16,29.3594,0.5048,5,40,8,5,23.84,10,0.6323,0,1
0x8BDA05093a8eADEE30b621f99AC15afeEB9744bB,320,335,5.5472,0.8991,0,12,0,8,69.34,2,0.1294,0,0
0x82Fdf8e7ab5BeB5998c684c1009Ed5492755adCA,291,292,5.854,0.742,1,7,1,13,51.75,0,0.0452,0,0
0xea993AB0ab316A0b24565B3b0644b6338EcC4035,91,61,55.0501,0.2731,4,30,4,5,37.22,8,0.6009,1,1
0x5C3DF260Bd89B136798602C9d608Cf48cE647761,1043,305,4.1949,0.99,0,15,1,9,60.09,4,0.2495,0,0
0xddabC5D8A73522421F42bC998CB0bA8AED429691,39,13,0.71,0.3988,5,26,10,1,39.32,8,0.6059,0,1
0xF36B70C95932497b1a8489306FC60348A28C01E7,63,12,26.173,0.5452,4,19,12,3,35.71,7,0.7894,1,1
0x917Aa2827Ff4217810DAD69cFCE9f1e846597B66,679,159,11.4452,0.7983,1,5,1,7,49.01,5,0.1092,0,0
0x72C6e790161288DB516009c090AA28366C69ED35,231,498,2.1833,0.7895,1,17,0,15,57.29,1,0.5093,0,0
0x4293B1E006Bcb217B3Fc82bD0b4826b0f2383CFd,669,99,1.4464,0.8137,0,16,1,17,81.22,2,0.237,0,0
0xdC7ab0aC075b946039D2Fc65f0Fb30571C7Cc2b5,316,41,10.779,0.3193,4,36,10,6,24.36,10,0.4811,1,1
0xB43421470bcDa6d32d92F8DF3F8f5a9c30d735d7,11,14,3.3401,0.1381,7,34,9,7,41.14,8,0.458,0,1
0xcACa783b5B9F45cB141c3CAbd588017D7438e076,1500,70,11.2644,0.6404,2,10,0,3,68.38,1,0.0769,0,0
0x0358Ff282c3c00f38c1261FC5d5A447C8a1b4d43,56,28,22.0744,0.1189,5,33,4,1,43.07,12,0.4563,1,1
0x5a9B9C2E537F1c675403Ee311f1bE2Ea258b7801,96,20,79.1421,0.3782,4,28,11,7,29.47,11,0.5214,1,1
0xea88b1bE920648B03dbB50dA8968581EF91270df,344,335,4.655,0.4041,0,13,1,19,79.33,2,0.1583,0,0
0x6bCCaDdA102a7561bf4225FECaE05f398E94e90e,131,20,14.8439,0.2332,4,37,12,7,28.78,6,0.5808,0,1
0x907ae2EC3b5602bEBA45dDA0d10Ff1161C839A46,417,367,1.1895,0.6089,0,10,1,17,53.6,1,0.1282,0,0
0xD99C083dA2532E8EC68dAFED31ce7312fcf5cfF9,12,30,67.0073,0.1888,8,20,10,5,6.87,12,0.747,1,1
0xC4a1C366a089Aa4cB078A1089430182122363846,104,7,141.2282,0.4582,10,30,12,4,43.9,12,0.5034,0,1
0x940371192415755d510eF2343450C11597544779,11,33,6.4228,0.1922,2,22,5,7,27.0,3,0.5609,1,1
0xeeF3D8399464b2F98ee2DC3C70d93eA02752251C,103,5,196.5734,0.0449,5,25,9,7,29.29,11,0.4204,1,1
0x31720596b5D4775cb99e3714ad6284Ca8c9dC2c5,164,5,12.6614,0.1871,2,14,6,1,13.75,5,0.8531,0,1
0x7DFa2A0AD2A6CA4Cf4bbAA21F920F840596F3693,54,41,8.3101,0.1815,4,27,9,2,63.22,7,0.7954,0,1
0xA18982a231EF84DE4382c1d9824677194a594961,84,97,15.9352,0.285,2,25,2,7,39.04,6,0.7498,1,1
0xE8e2315D816FC2e7d4109f97097A5e1083a8ee76,36,18,18.9516,0.1547,5,23,11,3,17.79,4,0.4197,1,1
0x6dfBF03E519f148Ae2E77A4dedd36e04740fFd43,794,287,6.502,0.9107,0,16,2,3,65.88,1,0.2469,0,0
0x3E972D0EFA70a4bdA410A15f18F16E226bfce4c2,61,39,6.846,0.2012,3,31,10,5,15.2,8,0.7477,1,1
0x81e352a4020B2108a7DCE2480AC15A0C73aF1287,409,87,6.0985,0.6499,0,9,2,7,82.43,3,0.3137,0,0
0xaCD289D98dee35c0351602Ea378D1271c6A89480,546,105,3.2055,0.7448,0,13,2,5,73.1,1,0.3436,0,0
0x808d04962d367BeabFABA400e6E183514f60353f,150,7,10.0535,0.0712,5,28,6,6,29.62,13,0.671,0,1
0xcD5faFb22F9409388CafD8cF9b2F3f177D553a34,182,735,8.3287,0.6891,1,16,0,9,74.18,2,0.0968,0,0
0x6fda228aA16397F2066ebA5545f894701768CF25,26,23,200.0,0.1256,5,30,8,7,20.93,1,0.5908,1,1
0x6973aa51797786331c548e63a05532aF6eD4c48b,718,702,10.9162,0.8601,0,8,2,8,50.08,5,0.1499,0,0
0x611733be8C38D9D4826F0fAF1A790a872441fDDF,443,83,3.9177,0.724,0,9,0,7,93.08,3,0.0271,1,0
0x149c09c9Ac199b50328cFD6E09A7D0aEb5447069,258,76,2.8142,0.8974,1,8,1,18,88.24,2,0.1966,0,0
0x36838a9035fF9403a8F3Dfb7d0746296801aDb9C,65,26,86.8894,0.037,2,25,10,4,38.46,4,0.8103,1,1
0xb8BEeAbCC82e668A8944C4A7516e638fc7603C94,53,5,1.4913,0.2293,3,30,8,6,13.98,9,0.4554,1,1
0x896dC1153F198b344e1078509946DB80ab28c261,827,43,18.5853,0.8061,0,11,1,13,67.8,3,0.1849,0,0
0x46dB12Af1Ad01B5D697A6bF9cA6FfC7fEB10Baa2,36,7,2.9785,0.2294,4,22,11,5,32.45,9,0.6568,1,1
0xeC171916C8C74cf21c32476d41aa0B01Bfe32905,74,6,127.5784,0.2162,8,29,8,2,13.66,5,0.5091,1,1
0x405a4f232efC87CB9aA99DAc05F1aa767286B9d3,94,16,32.6835,0.4424,2,31,9,1,0.0,8,0.8451,1,1
0xE9fF756c97EF6c7BD9AA23F273F48b9812C3a013,535,564,2.4782,0.862,0,7,2,10,85.71,2,0.1609,0,0
0x05B0E8F65949fF3d154132fe3700a3008586C888,52,62,29.7406,0.3698,4,22,7,2,4.86,8,0.7313,1,1
0x27a24F7929b623EC20Ac344C6A983d3EB544C040,16,131,7.0832,0.1634,6,33,15,5,26.53,6,0.6061,0,1
0x51c37f3e30A41123B366c3fc07c9De41a161ea72,219,239,2.6227,0.8822,0,9,2,12,77.66,2,0.2883,1,0
0xe90d1f72fedd2676389e4637d9B0F623B6C05e2E,73,16,12.1601,0.28,7,24,9,6,29.86,10,0.6293,1,1
0x9205dE59368BCB28faA8A3B1B526DB8bc151A4a5,201,99,200.0,0.2235,4,26,8,7,11.44,10,0.7028,0,1
0x47F7d8899D5Cd82f8919a4dc85330cd9704D1828,1306,132,5.9723,0.7461,0,14,3,8,72.24,0,0.196,0,0
0x222CE1C3f53F00e8fdb1078DCCb3fEB29E386a09,317,1102,7.3647,0.9138,0,9,2,15,56.48,2,0.3827,0,0
0xf731ac4f44ba4E14c7C1370a7F6cfe930B205c7A,1056,69,17.6873,0.6916,0,12,2,7,64.34,0,0.1392,0,0
0xE5cFAF874E68d2cBa8c7edaf3C39C66eE72241Ab,114,22,24.9002,0.2414,3,36,6,3,58.07,9,0.4402,1,1
0x79e37b590e79c73a9c90e6e85Ce7EDD789aBf0F2,725,493,7.5096,0.8523,1,19,0,11,80.62,3,0.1001,0,0
0x190f0e001Bcaf55D1A833e5B5c00A45Bea47B30a,53,97,34.0196,0.645,5,25,10,1,28.28,7,0.4574,1,1
0x481140030594726428d3f0b2d6B0896208eCF5f4,292,17,49.2645,0.394,5,25,16,6,8.51,8,0.6598,1,1
0xAD2f7610b91c5AA0357de49d1c880FdC757F43D9,116,34,7.7055,0.179,5,23,6,3,43.3,7,0.6433,0,1
0xBB713dD427be9aDF0C0473d5E70AB0724A26aDD2,640,231,6.1668,0.883,0,10,2,15,66.12,1,0.4344,0,0
0xB0724AC6f7444De770141E22b7a3b1F1a0AA50C3,50,5,46.4032,0.0658,2,30,11,2,37.42,8,0.9203,1,1
0xDE54c15b95C04EF406C2A5a0C30284bd48eC2b58,26,12,3.2976,0.1965,8,30,10,5,20.31,5,0.7809,1,1
0xAe949f140B2C4Dd6A2b90A98ce0638b34c608795,60,10,1.1711,0.0485,4,18,11,7,38.9,5,0.5991,1,1
0xA094Ec11FFd10d387EE120Ba4526EA341c96D5b6,456,228,0.6249,0.9549,1,9,1,16,60.81,4,0.1399,0,0
0xD04c3e109c95AAfe7992d39b4e64e8ac2Bd271cA,371,410,7.4296,0.8382,0,8,0,19,59.53,3,0.1698,0,0
0x92E82f2387aFaAfE6b4d2335dC7De74D9B33645C,290,16,6.6028,0.2892,2,32,6,5,9.1,14,0.3201,0,1
0x657fDFe6012d253495c0182E0fb2eD4D79216ed8,353,647,6.3576,0.8035,0,14,0,3,92.89,1,0.299,0,0
0xfeF853Fbf3Ed9C2eda4aadEf64277537430fC0F7,36,8,3.5106,0.1984,2,21,7,7,20.67,9,0.1863,1,1
0x85853a269372Fe30fce6016354b8dabCDF946B2A,311,701,1.3832,0.92,0,13,2,6,76.24,2,0.0496,0,0
0x75b8585d110d566e8ac325d867A2be7f17f4b3Db,8,19,26.9071,0.0535,4,32,7,6,36.34,4,0.4275,1,1
0xc14E502c185CE74cc8aa80AABc1D180524266Be9,76,112,48.2967,0.1389,5,24,6,2,52.43,6,0.3872,1,1
0x61B11d8fDcc4119E136B12f4e1676Db201854626,511,434,3.4156,0.8752,2,12,0,9,86.08,4,0.1495,0,0
0x717A6D4F4da5e700ffccf453940BC5Cb6a3Dd3E6,658,97,7.7456,0.8681,0,16,0,16,77.69,2,0.0822,0,0
0x6B8192A8377a8e00A647B4319b7bBA22Aca13964,16,5,2.9705,0.3148,4,31,6,7,42.02,10,0.5074,0,1
0x4955A75829939fDb1DD16F10F96b989a31c2EecA,255,579,2.6536,0.8194,0,14,1,9,75.58,0,0.2078,0,0
0x0274CAC94d94e4f9795a8B596d9aAa02e5e21ed1,127,9,2.4787,0.4189,3,29,14,1,11.0,4,0.6865,1,1
0xB30c3bAd359F3ED3D11C815317574f2CD0F53646,171,26,56.2931,0.2719,5,32,13,2,47.63,8,0.4877,0,1
0x9A0a3DF9C13f9Aa8f7E664Ce5dE53E9C6a0Fb43E,251,9,2.3707,0.0861,8,22,11,2,19.74,5,0.4852,0,1
0xC8D79aDE92F07BA8dE1ce9aed738e57d1bf6C60F,1374,156,1.3106,0.725,0,19,0,15,67.38,1,0.0308,0,0
0x1A7eC497296F09F156e44f650058Ea7da14dD429,202,49,1.05,0.9602,0,10,0,3,95.62,2,0.1455,0,0
0x28EaBE3dA9d68b7B4C6b29ad8f481636565f820e,190,376,12.7728,0.8973,0,12,1,17,64.88,3,0.2583,0,0
0x9ca21b4A1dd60FdE53299B85094EC184eD89988F,33,84,1.5653,0.1229,7,30,6,7,22.11,13,0.4865,1,1
0x2a4e3aCa805D6c2D38D9e2C5784c465198567791,136,26,7.1272,0.3219,2,26,9,2,46.9,6,0.7864,0,1
0xC11B720884fA3973810C248f3F5Eb98827C18E45,547,832,3.3402,0.7125,0,21,0,3,57.4,1,0.3902,0,0
0x62ab4166e1f2CD879501B3BdA4a26111177ef8Ff,45,47,19.158,0.3675,8,36,9,1,31.75,9,0.4322,0,1
0x5dA7304d368B5918bD3f0420e40F03EFf9175859,682,220,3.1537,0.6888,0,8,0,3,78.69,1,0.1479,0,0
0xD78D104e4e26E221BA6253D21C58ddA01002eD84,1500,135,2.7069,0.8648,0,7,3,14,73.13,1,0.248,0,0
0xA97c22C91927e05a38f9e22063104703db37A9C0,12,36,5.012,0.1877,7,27,16,7,42.92,8,0.6611,0,1
0x5613f6Fa5fecC7aa6cDd6C7b792f0cEf917E4bDE,126,20,9.0716,0.1611,8,28,9,4,16.01,5,0.4535,1,1
0xD41473EC811348b6A2C2f0398F87EFBa11D4AA48,650,156,0.3569,0.6054,0,18,2,19,87.18,3,0.0799,1,1
0x6BA050D2614f5A32bC99717d486758e78EdC289A,13,83,126.8958,0.1325,7,30,10,5,0.0,12,0.7671,1,1
0x06339272839732716FEA50ff9EB0203dB9021E47,21,15,34.3899,0.4993,4,30,12,3,29.29,6,0.3847,1,1
0xd5aa2490a17b1d01E810415b8F9ecB65Ce5b0CEa,532,510,3.742,0.888,0,10,2,15,77.22,4,0.2408,0,0
0x607a894159AD66269d35c4BAe8aF54c8C73E1676,451,464,32.6897,0.7569,0,7,1,4,64.7,2,0.0423,0,0
0x9A3e981888Fc1A7E1aa0f782E0b9837a97c62B0d,52,276,5.2887,0.1042,2,25,6,4,16.69,6,0.6046,0,1
0x29Bc266159400C9B9394fD8F88cc107eE16c927E,603,440,0.8989,0.9525,1,11,1,16,69.93,1,0.5696,0,0
0x79Eb2b30292811d45E77A5dE5B33d248CC415660,158,49,3.1092,0.3013,1,29,5,2,35.98,7,0.5007,1,1
0x47C7d087975aB50AE6964784088224218C12A35C,618,108,0.9378,0.618,0,12,3,10,81.56,2,0.3448,0,0
0x5125d998B6b94cB34AAeE1E3F8E15848eB1c340d,98,37,7.3293,0.0919,4,27,12,6,29.42,8,0.6869,0,1
0x0a987Cc7567E9a892B771cD884F9B8F1A495Ec1D,1030,142,3.6791,0.8222,1,12,0,16,79.98,2,0.2478,0,0
0x788d85558b2F0feC10e2d3Db28DD01d9a56C2777,50,33,94.3776,0.0839,4,19,18,1,35.14,6,0.8067,0,1
0x84f18eC4eb7a7eC568f9fbB3783d29E39Faf1709,33,5,132.9058,0.2302,4,23,9,3,40.86,6,0.579,1,1
0x22fEFFbc757571f4b79A32c33B593F0C83a9D50a,530,251,10.9157,0.9486,1,15,1,4,52.76,2,0.417,0,0
0xc13A8d72cE9EDe04EaEf7d1684Fc1Ef72AF0182D,359,139,5.6931,0.5581,2,14,0,3,55.8,0,0.0982,0,0
0xfa2D91a3b1e2a5261F05897b745A7945B91be8E6,1500,59,1.7747,0.8624,1,7,1,13,99.49,1,0.4469,0,0
0x36Ca54C6d7BF520d9A519b61921979f25AE15a26,68,188,53.4517,0.2236,5,29,9,2,10.61,10,0.7181,1,1
0xB2cf254f532Dd72CdbdBFB38A45D71eef8a636d4,917,443,2.0051,0.5811,0,7,1,9,72.23,1,0.4485,0,0
0xe23141c7F323216beF493bE92639b9442b48a797,1317,35,11.5597,0.9375,0,19,3,17,54.2,3,0.3579,0,0
0x5f134e9632E6aBabb7Ad8781472Df09404e97Eb4,28,17,3.0028,0.3478,2,29,12,4,25.86,10,0.4083,0,1
0x328067b19e2E23F35e595c34b308a0bf0Bb39E0C,235,150,1.7361,0.6932,2,12,0,14,55.24,1,0.1397,0,0
0xC42656cf8595Feedb435821feF85757e47D611d7,974,181,5.439,0.7869,0,12,0,16,56.91,3,0.3101,0,0
0x16C0e62b56c605D1dd6160b78F3193824462fe4c,403,87,5.4593,0.9513,0,9,1,18,74.41,4,0.5971,0,0
0x7A734403c13dF406c72AC62eA10E7b9569db9Cc7,80,35,0.5213,0.2094,7,27,10,3,43.27,9,0.4957,1,1
0xfbf443d7da1DDe0c925f0393637e28Af8e0843DE,234,282,3.706,0.4992,0,6,2,4,58.74,0,0.2481,0,0
0x243c6e4249339876AfeC3b539D7eE02774922f33,371,250,14.4852,0.9545,0,16,1,19,95.97,1,0.0178,0,0
0x6E38a1eb7941749Ff332f63A467b7615f130656a,36,29,21.0207,0.3037,7,28,6,4,36.11,5,0.6371,0,1
0x90E97EAc2A5Bc1e99c8CAA32a88d5AC0A4179Db0,268,112,2.3948,0.9162,1,3,1,3,80.64,3,0.0521,0,0
0x288398b46C3a82D0918BEd0b806dbfC64aD6eA44,42,17,7.5564,0.5254,6,25,9,3,48.06,7,0.8127,0,1
0x3A34ECD79FBDD64874c68a920a7c9B9a71d73c51,451,2000,8.7438,0.5666,0,16,0,18,91.29,1,0.2904,0,0
0x834Fd68594b8D4cF9BA5D482d869e0Ad7A2A0ab6,459,252,27.1265,0.682,1,9,0,14,58.74,0,0.0306,0,0
0x7fb3F1813ec9cBe86a37100ba0f73ecB20204813,14,45,105.3034,0.2909,11,27,13,1,25.35,9,0.6847,0,1
0xBb3b19b9dBb26b3ea88DF3F7b58CA6055C17FDb2,162,20,11.7212,0.2069,2,24,7,7,52.21,6,0.7875,1,1
0xdeb0812546DB6BD1Ac3eeF46Df4Ab7342c5AA024,78,44,137.9871,0.1101,7,27,5,4,26.72,6,0.7038,0,1
0xc9d70DF742044f5b0Ca514F645f78dB68Ba0330b,58,16,18.3564,0.1068,4,28,9,6,34.68,12,0.7923,1,1
0xfc8B5E26ed160A870f61895bb61F7A1b72723443,90,119,24.593,0.1176,5,24,11,4,10.31,8,0.7273,1,1
0x500bDd199f8423D21A9855AC3D1F1a65fc1613aE,322,10,13.7749,0.4359,1,27,10,1,19.34,9,0.6827,1,1
0x1800093F652de5C3F3755D0f12231adC6451e2BB,115,12,85.3415,0.0561,6,29,11,1,27.85,14,0.6401,1,1
0xfF15ebc2D78F0962f648Cef753230DD638939Ca2,67,18,200.0,0.3862,5,20,12,2,21.65,3,0.6525,0,1
0x1B4FC033F075eBfbBBfFd962542241b3969bCBa8,844,554,21.7702,0.8857,0,15,2,13,73.53,1,0.3688,0,0
0xaE7F0501017c1F62D2d3A3151842f81aB8dcaE5D,12,11,12.1975,0.0488,5,33,8,6,37.57,11,0.5577,1,1
0x683C8CBF7C3f7013FcC3f11467B26112c1b92ca9,295,187,24.5315,0.7537,0,15,2,14,82.44,1,0.0313,0,0
0xb8c4512a0Dbe435EA5487c0eB348d227650053e4,8,43,7.5015,0.1102,4,21,11,7,18.28,7,0.9261,1,1
0xa5E60d7918D9F85f3B8D79377847Ba1865697234,1126,386,2.1278,0.9411,0,14,0,8,81.6,1,0.0422,0,0
0xcB66714a830Fc2EF884e201B2B40d375689B6Ca7,374,577,14.434,0.8002,0,18,0,10,87.01,3,0.2164,0,0
0x918656342c2d267e3efd0d725c0a4B83E75DeF53,1500,84,4.1243,0.8362,0,11,4,14,64.82,0,0.3109,0,0
0x3b47B356d9b9E74513AA2b41376121e6BF54d535,1500,574,2.8968,0.7824,0,15,0,19,68.85,1,0.1812,0,0
0xBe723C0dFAd1EAaf60110B2D39C3Dc60F250b573,264,120,1.1751,0.8458,0,18,1,7,98.22,0,0.0989,0,0
0x367cd2CbcC9c1f465854d0e5a60dF347f9D6414b,81,41,75.6223,0.1746,4,29,11,2,38.48,8,0.4647,1,1
0x5ddF856b478E4CE4480c9E4E20409Fe4A76E5369,727,185,24.1676,0.8771,0,15,4,3,93.74,2,0.2368,1,0
0x4A1E8754669A2Df6cF9a7f1dFCBc1b12542BFeF6,105,26,2.4944,0.341,4,34,10,1,7.96,5,0.8775,1,1
0x628Ae520d2f1AF1a92156F30ca8B6fE3cD899F49,38,47,200.0,0.4585,3,29,10,7,26.68,10,0.8185,1,1
0x9aacb746466B0820DB9F1dba455fD23d87157643,51,9,7.815,0.2429,5,28,10,4,20.62,8,0.7449,1,1
0xBa60Cd87Dd9521bfC75489a37926AcC84834B755,54,14,23.407,0.2068,7,38,17,2,45.15,11,0.1958,1,1
0x910175Ffe375D5B8a0e45470C4619FEA32787697,50,34,6.1194,0.228,4,25,12,5,39.23,7,0.5795,0,1
0x98Bb14F060e7893F7670Fa80dc3BEaF71872E29c,10,69,37.8088,0.2605,0,27,7,6,11.92,10,0.5876,1,1
0x9eD48bf1A46864Fe75DB665162d41b6Cabc61656,30,18,2.5176,0.2331,9,31,8,1,20.69,9,0.3116,0,1
0x78841b0b155959432d6516F3873C51a170CC4DBD,224,17,68.7621,0.105,6,37,7,4,56.16,8,0.5348,1,1
0xC2f2d0b6158f3c2956c22132eD9B88Ef9380FA41,1500,313,2.3454,0.8159,0,6,0,3,81.08,2,0.3521,0,0
0x73F28ffCD71B65351F0a3D2cbBCD9411bC89fd46,57,20,5.42,0.2741,3,22,16,1,47.32,6,0.281,0,1
0x2904C5D853C738E70a75268e49936f52e0B433AB,45,6,182.3918,0.3757,1,34,8,3,15.01,3,0.7429,1,1
0x8c1B8FAC31438A8F2946389E6A76ce51A42988cc,117,39,77.4292,0.2474,8,30,10,3,59.39,8,0.4712,0,1
0xC8040c8065EDf4c54cc07C4898ab8b31DE4c5536,15,38,1.7585,0.2283,2,33,12,2,18.1,12,0.4769,1,1
0x2A6552Aa469f8AfB580B84D063fcfC19dCB4e95c,7,11,1.8049,0.1977,3,29,9,2,31.91,6,0.7441,0,1
0xA62B8D91E424301A48c2c811a783cb5AD00cedB3,69,22,101.1554,0.019,7,36,6,4,35.06,5,0.5773,0,1
0x276d1cF766003350f0A9458a2FBD6ADcCBBc5701,19,53,44.1603,0.44,3,24,9,6,31.71,7,0.7581,1,1
0xfb2E33DfafCBc8de2F3cFD80BA228B1d2c5bdCE6,13,5,0.6138,0.0714,3,26,9,5,39.7,8,0.4335,0,1
0x8DCC8c359e7EDa09C75cDE07Ff3DC8a10B172aFa,315,86,8.9326,0.8111,2,11,2,16,66.85,1,0.1077,0,0
0x6b88f31514a4b5E946eC95c79a6a2a38386afaaa,99,89,10.1443,0.3664,9,28,7,1,2.26,4,0.466,0,1
0x90781F78f47D86Df58a2651f29E618003f2D5a73,36,31,74.1294,0.0301,3,29,8,2,32.23,9,0.5561,0,1
0xB308eeEd81E5f14da9f4a97F9C72D6c393450B11,161,28,5.9444,0.2093,7,33,13,7,12.46,5,0.4806,1,1
0x440381a56BD06c54858fA817bCFe74797A6b1887,18,26,1.0966,0.1014,6,18,11,6,6.4,8,0.7626,0,1
0x4d54B26142c629950335406e3ad1592548159A24,275,49,1.5344,0.8874,0,9,3,4,74.15,1,0.1706,0,0
0x49bc6f821d0eED4c33cB8Ab2eEFE381147D557Eb,958,204,13.7957,0.946,0,13,1,6,82.27,4,0.1219,0,0
0xBf7192BADe75DE26D37314E17004e8c4Ac68B9f6,68,44,2.4539,0.2487,7,23,6,2,47.19,4,0.7218,1,1
0xbDeEd845F909977cF186D1d5eE670A530e21106E,26,95,3.3979,0.2617,1,29,10,1,54.21,10,0.6314,1,1
0xC64f5cf3a13a4d9C32587e3fb8269CCf7357De1d,752,671,0.6573,0.8384,2,15,2,16,83.69,1,0.2632,0,0
0x4295F6D6B7828bE4b65d60A296379dc7fd5C1fea,88,115,1.0876,0.3008,7,16,10,3,21.04,8,0.5328,0,1
0x7281bc5c0918C064C515D3FEC14512E70d9E10A9,17,46,2.9058,0.0333,4,19,9,5,11.65,8,0.7836,0,1
0x4bB1F066cAa4a6c1037F4E37aC3f87f9573e116d,839,145,2.8128,0.7124,0,17,1,6,47.11,3,0.0327,0,0
0x2Aaa35B2A64CC3440eF77B09715977d3D59dF822,868,813,10.2752,0.9685,0,19,3,10,91.59,4,0.1396,0,0
0xb88efa8bc2537648160Aa10A4AC7496A30baE238,538,352,1.4586,0.861,0,8,0,15,61.49,4,0.2175,0,0
0x14b801270938fd9f1f3195d88F57147F21dc26E0,17,8,57.8663,0.0476,1,28,8,3,23.13,6,0.7337,1,1
0x757bf207a7a9f233D413a1828BaD060492D3638A,182,24,73.0375,0.2551,6,18,10,1,40.12,11,0.9278,0,1
0x7eC0974d6e43F33426FB8D3da6bDb70656bbaB39,34,40,9.4146,0.2569,4,22,11,3,13.82,9,0.5154,1,1
0x5482f221e9890d84a84EC42572b0FBE95825a3a5,28,47,12.7324,0.3578,5,26,11,6,11.96,4,0.802,1,1
0x82aa3e45774dC3E0630BaedDeD8579bF4686f9f4,44,26,108.1493,0.5138,3,26,12,1,44.58,7,0.6715,0,1
0x6F8B98524eCCccb6cA598669b86af06154154F6F,107,41,19.082,0.4794,4,24,11,3,13.53,5,0.5536,0,1
0x98d90Ec6fd6F428c10D3F012a4C49fDc44f26aef,41,27,53.1529,0.3078,4,31,6,3,32.89,10,0.7404,0,1
0xd185F8c67ab2bfb927f520A700c20Ed936bC9ec5,47,19,9.1302,0.2576,1,26,10,2,40.93,7,0.6772,1,1
0xCbBD89BcAf1D6BDC490bB4D6DfB3fED19b27c700,24,12,19.4836,0.107,3,17,11,4,20.72,7,0.8363,1,1
0x5bDc21E07C23ED27D06394Cb6b8D78a082C0F349,64,8,174.8224,0.0831,6,29,8,4,24.45,6,0.6776,1,1
0xf427b18529139d90fbA6EAa8DF969Fa8F8b788FC,30,21,32.7216,0.1379,6,20,10,5,34.13,6,0.4921,1,1
0x90e61BbCad5EE1821b0831Bfb03760f39a6B12C2,101,29,3.0038,0.4424,7,26,7,1,13.07,6,0.4687,1,1
0xF61923E3D2cA71FA04167419c410D0DdBF4457c3,261,86,85.3953,0.334,7,21,7,7,1.61,9,0.6419,1,1
0x28d0c44fb277710bA6734aa3956EF9Db1d97f545,80,8,21.2019,0.0587,8,30,2,7,19.79,7,0.6303,0,1
0x7fe2b87bF729c35BcAC2e20214fCea023Cd5017A,121,14,18.4684,0.1095,1,30,8,1,28.54,7,0.5998,0,1
0xF94E781b28928ceb3CAD0020775D2E6e75F4e263,1208,237,1.4741,0.906,0,10,0,4,63.6,1,0.2804,0,0
0x7e4e0150013f6282Ad466cdeD1174f6D8cAA574B,1286,50,7.4951,0.8192,0,10,2,10,68.86,2,0.2567,0,0
0xb3A68C613Fe189872A3F8F1899DC87DfB37fcaB3,229,25,6.4717,0.2403,3,34,6,1,21.58,10,0.4365,1,1
0x46f02bf48c1dECdd0BF594d5965724f7240E1640,10,6,14.9612,0.3408,5,27,10,3,28.61,9,0.7131,1,1
0xB11124d8Efaee88F7226F94a1aeCef175D0AafAE,252,149,7.394,0.8255,0,5,1,4,52.68,0,0.3891,0,0
0x185D76Af10befA3C0B5Cea7f5eF1aa5a0D20f1E1,329,91,9.4186,0.5404,0,13,3,5,82.35,4,0.4784,0,0
0xf8701df863FD818013eB3b965161f915b49D4f70,1486,334,5.1727,0.7809,0,10,0,7,75.08,1,0.1749,0,0
0x26C7a9Aa92Db220648EA30E66260DafC82f6b81a,10,15,5.3828,0.1322,9,23,11,6,20.16,12,0.6317,1,1
0xc7100226b16322b6F524199A331EA17c03f939b3,18,30,10.4126,0.2259,5,29,8,6,0.0,5,0.7423,0,1
0xEd08453e9dEd9CC3A41B1387338366537e5d5943,82,17,8.9108,0.2617,3,33,7,3,15.99,13,0.557,0,1
0x61bCd41e65e791BD17DF1DAfc78B7886d0CbAe82,166,5,7.6426,0.2369,1,27,9,3,31.42,9,0.734,0,1
0xFfC6cB417859BA97195E70e61f72B6201338c6e1,1091,375,32.9723,0.8895,0,11,0,14,50.54,2,0.3158,0,0
0x2ABad76e13E13479A66E2801AE14101C91f025e2,52,42,12.5088,0.0167,5,28,10,4,29.0,7,0.9456,0,1
0xb23BfbC5C86e606f0F1061fDF175F5Ea4BaE1587,1500,256,6.9553,0.7843,1,6,1,12,57.63,1,0.0843,0,0
0x68B922951A97F1A8526368F77766749758F761AF,12,42,5.5946,0.1878,3,23,7,5,19.27,11,0.7618,0,1
0x2d466811C49EcA33cAAe3030B6E27938d0587626,25,46,3.4005,0.1177,2,40,7,5,49.29,6,0.6688,1,1
0xe362eb30076ae3eBD43dD020D1B6678e4994Ba80,1365,165,35.0419,0.867,0,8,0,5,58.19,2,0.0523,0,0
0xbFCd48027b016379E4eCA674A564d3e1fC3Ea3b4,73,48,115.2467,0.2186,1,22,10,2,33.91,8,0.8181,1,1
0xFeB4906270AddfE1dbd43E8B63A7A104Fbbd8a9D,12,20,4.7695,0.1202,5,26,8,6,25.48,9,0.3746,1,1
0x41aE1DB1935f1e24498e0b190b7fBF913C52F2Ac,619,280,8.8482,0.9107,0,13,0,4,52.9,2,0.1049,0,0
0xe5CaD076E55518aF3f80481AB4C09DF015f0C257,78,24,63.1107,0.097,2,27,5,3,41.47,11,0.5698,0,1
0x15aDAfdFf4B24514fE95caC2200335CB50446446,520,1028,18.0959,0.8707,1,6,1,17,39.99,1,0.1815,1,0
0xce6C100f2Bf668c8354D1D05dC7293856BBCb23D,23,183,200.0,0.1174,5,29,6,7,0.0,8,0.6476,0,1
0xA31fc34A9dd84f20D6EC34c76D8F308b56c95D0c,187,634,2.6484,0.728,0,15,0,13,86.03,0,0.1307,0,0
0x4301CC69E82518ea19928C4cDdBB3B5883920f27,107,7,5.5087,0.2737,4,28,12,1,17.56,8,0.5864,0,1
0xc1c70d9256581c4553e8880900Ea3B312aCb295D,868,204,6.472,0.8661,0,8,0,7,69.03,2,0.1599,0,0
0x383b61Ab441850998439e8f648e720311dC6075A,471,351,2.3348,0.5395,0,6,2,5,93.8,2,0.1963,0,0
0x8aF691dc4F8faAb0CC3e0F0d77DaF7Cbac50b5ac,13,46,7.7023,0.206,8,27,5,6,22.44,7,0.7159,0,1
0x1AC9916E716C6d65D8B0bbf908Ea8daBdcae19e3,10,19,24.8256,0.2777,6,26,13,2,39.06,10,0.1572,1,1
0x064B274bDF248a4d2DaD1082d378DEc6A02cFAf3,22,33,164.1572,0.1102,4,37,8,1,35.6,9,0.7559,1,1
0x88cE3F3470AECD86CD593c7d959768ff8F134989,1148,182,8.0207,0.8878,0,10,2,5,60.46,4,0.076,0,0
0x4315d0A537a3bC4FEE62aDE2B650944718aA9e14,24,182,9.7105,0.0325,2,25,14,7,28.71,7,0.6014,0,1
0x502e3b30A48DFBc7Ca78289104EFA748C2Cbd694,73,11,5.7175,0.1188,4,25,5,3,25.61,12,0.7006,1,1
0x28aCfdCAF199Aa63a9Cd4f3B6Cec98c18BF6a088,233,814,9.2544,0.6657,1,13,0,14,80.43,1,0.2152,0,0
0x4867285d49d1E83DF85Ab432BAAB262C25098Dc4,413,265,3.2549,0.9967,0,10,2,9,81.73,1,0.1326,0,0
0xA9E7cBa39e68Dd6CEb9445176c3B3Beb960B2692,189,355,61.6081,0.7732,0,7,2,12,58.62,0,0.2052,0,0
0xF2697C093196F042bf431969bA0cB0128eF52904,414,389,1.808,0.7456,0,14,0,19,80.64,2,0.0777,0,0
0xbCda08e57eF215803699306f139e2e07193D593B,460,226,5.3911,0.9713,0,16,1,13,77.75,3,0.3838,0,0
0xD4BA642e480ed3E01Bd778C2AC1BBC608B5871A7,899,110,1.1302,0.8031,1,8,0,5,72.91,0,0.0137,0,0
0x46669508A32BF512c2566d98e30b4c1b53d91955,188,66,15.1975,0.3747,8,26,4,7,30.47,9,0.4651,1,1
0x9e1A295c72fC7485408d1eA33FeA7CE88299f70b,16,25,87.2488,0.0368,2,25,8,1,25.49,9,0.5733,1,1
0x9851315676B7A4483c4807517fd13F4851794Df1,43,54,5.9977,0.2112,6,35,10,2,23.55,13,0.4926,1,1
0x0D98dab4E7d78cd2fFcC2331FDc9947D654F3d17,52,38,28.1398,0.0878,3,26,9,4,9.35,10,0.6177,1,1
0xAd11C11d62aD51dc753aDb586f6Fe6cc63e5032F,299,182,3.563,0.4705,1,4,1,10,75.53,1,0.2473,1,1
0xbD68c8B5B277848819AE90920d5a6aBB5aca9f93,11,23,0.4376,0.0822,5,31,9,6,29.44,9,0.7985,1,1
0xcBd30926BA359Bc8fA92Df890708c36ad4e5C7E7,674,1225,1.0035,0.8721,0,14,1,4,68.59,0,0.2235,0,0
0x5d2129169caA3507Cf412679D5A47d810d7fA967,102,18,31.1054,0.143,6,27,6,5,28.78,13,0.5408,0,1
0x65792F72d1200D93359E6baf8e3d5aA94a5272cD,223,225,6.786,0.9132,0,7,0,5,74.78,2,0.1353,0,0
0x8627f452d441c5836c1ed3b03b88c1e2469F735e,97,48,3.6256,0.1177,6,28,7,6,24.93,11,0.4573,1,1
0x6755464F52b1A2D7CEbd1b3372e648Af5E7D7e3f,1102,170,1.9632,0.9623,1,15,0,19,88.05,0,0.4206,0,0
0xabbAf6f070ac8C109c1b11f73531cB1253638951,732,123,1.3,0.8663,0,13,2,3,80.22,1,0.0548,0,0
0x68975D30772a7be0aee012a7E21B059897Db8a7f,193,241,0.8324,0.9069,0,17,0,8,55.32,1,0.0404,0,0
0x510369f4d37CE06708ED868fd8057ACC5f4B683c,456,344,13.4163,0.4115,3,16,2,4,43.64,0,0.099,0,0
0xa2fa2b3fb6Fc62F4f910cBe275a92FfFD8Bf3ee6,35,33,0.8349,0.4178,7,21,9,2,24.46,15,0.6326,1,1
0xA470abf667BE8c8caeB6b259ad3e23e6F4dD994d,87,6,90.7417,0.0385,4,27,8,3,0.88,9,0.7556,0,1
0x25B361F4dCCE6D8847A6185561CA8928fB24C718,426,111,1.079,0.8755,0,14,0,7,64.17,3,0.1274,0,0
0xE93ab1Cf1c07B852c5ED008968B13d887196a87e,365,431,14.7923,0.6985,0,12,3,8,63.0,0,0.0676,0,0
0x27FB302c38E47b4dE34680b350EFb0794C062866,159,34,32.7593,0.2554,6,30,13,6,24.49,9,0.6777,0,1
0x8E8a0610B7c8F622FeDeB8108a531D6Fc31F4Ce4,64,24,33.61,0.1478,9,24,6,5,7.91,7,0.4003,0,1
0x4D67f0313E2cca1C50cA366671eCf0Fa12dEba49,329,112,21.4005,0.8472,0,17,1,4,56.14,1,0.1553,0,0
0xC55D260D7DD6f0DFd7DfA35a87A6b2e3d8aa67fe,692,196,11.294,0.927,0,11,2,6,91.84,2,0.1523,0,0
0x04959743125E6046AF85685B0C0123b9a6ee19bb,694,458,1.6961,0.9918,0,14,3,13,69.9,1,0.0327,0,0
0x028064A7a99904e7C80bEBF7A7Db9b535903E81A,1500,226,0.74,0.8605,0,14,0,11,65.65,0,0.0679,0,0
0x2d4cDBd3781eE5C064fFaCcDeE2610dA33A4C939,103,5,6.2188,0.3144,5,34,9,1,40.34,4,0.457,1,1
0xCf4B537Afd45BbB7b9F7D34b6730AA26eD529a83,245,161,3.9304,0.7027,0,13,3,14,55.82,1,0.1124,0,0
0xb595838272DFbC9D69894c716016A7A5a52d2B23,15,25,1.0682,0.1782,4,35,5,5,30.16,9,0.8027,0,1
0xb27Ce3a47701aa4c3f2bD1023c823fe49e26493F,972,701,0.898,0.6734,0,8,3,17,59.65,3,0.2384,0,0
0xF34Cf0898E8Bc53329727bD99d219E6b0302ad0F,15,16,20.7441,0.3178,2,29,13,7,24.04,8,0.738,0,1
0x0F17578952a5Dd5441FA6B9A229C0f49246E7406,143,6,5.0643,0.2549,6,32,4,6,55.97,8,0.8541,0,1
0xE97d5474Cd3EEF86324d40f6E2853Df37c2FE257,1022,536,16.1455,0.765,0,12,2,3,100.0,5,0.1549,0,0
0x3A8A3eA7E8c05D581D9bb102FdC6B1DCcF9640E1,349,168,18.5923,0.9628,0,14,0,14,80.85,0,0.099,0,0
0x017Bb9B644c74e062409ce8d34570107abf638e8,738,292,2.3596,0.8904,0,14,2,10,51.42,2,0.1469,0,0
0xFd878b0E5e28275621dFb27886f6095aa8a244DC,76,107,5.3535,0.0486,1,32,10,5,36.98,8,0.6322,1,1
0x6271906aACbb651F92e3A1eEa03980e7a8E5413e,446,306,4.1539,0.8904,0,15,1,13,90.39,3,0.053,0,0
0xeB3E7994338011fdFab7bD277316620085f7C518,280,81,5.2594,0.669,0,8,1,3,77.08,0,0.1002,0,0
0xF497bAfF49BD7E88A71C564ECD57A13169767c6f,43,5,8.1731,0.0428,5,28,9,1,10.39,10,0.6635,1,1
0x5Ce8fb7C760dcd53F01A3C04358A5d8c586A5001,97,46,22.1117,0.1586,3,32,11,4,34.65,11,0.8514,1,1
0x4b015e88EB57c086899a486fB2B7d4a6c8bb205B,159,11,23.3406,0.5797,6,35,10,2,13.54,9,0.573,1,1
0x9Ea5ee89D62dED1B1744790ec9Ba023788040558,59,61,0.4205,0.1259,7,23,8,7,25.41,8,0.8809,0,1
0x6016919f5C89A58b8000b2C330462387a530Fb7b,748,101,4.2115,0.7405,1,11,1,17,67.15,1,0.2488,0,0
0x9f0fA5CB9C658a654256515b412aeea7Dc2619C5,42,7,7.663,0.0258,4,28,6,3,27.32,3,0.7804,0,1
0xf03aB8ca992ed913D54b0c9d7BdfE51CB7c7cB80,63,12,116.681,0.2011,5,34,11,7,37.5,8,0.4844,1,1
0x23455eb8Ce1131F44ca9809d5E8dC99703De4C40,631,143,12.8321,0.846,1,14,1,7,83.55,1,0.1934,0,0
0x6618D863067602d12EBD61F6e62E737B2c2e508d,37,48,5.7527,0.2506,6,20,2,5,11.35,9,0.8097,1,1
0x24E3593aC3e9a7dD788e04F8dEd2Df71B5578ce8,345,279,5.2586,0.3694,0,13,0,19,71.23,3,0.2698,1,0
0x18092906549177eA0eEb6629838C42BF2D9Cb817,49,28,0.9137,0.237,1,19,7,1,11.25,8,0.8485,1,1
0x237908d132a3093c0234c706459c88eb2f1CDa6A,280,103,5.5467,0.5562,0,7,1,12,97.45,2,0.0127,0,0
0x31D05aA8c35fEba974130A66a2a5396dbC189f0a,183,17,9.7285,0.2501,8,31,11,7,29.79,6,0.5568,1,1
0xcE47120711d0743622377456EaD1B35fbf3f6118,40,102,8.2801,0.2529,4,18,13,5,15.44,4,0.8212,1,1
0x36D3B7116e5b9Ae31cF68cADE88DdE61e39F84AE,342,102,2.2803,0.907,0,10,0,5,90.06,2,0.1877,0,0
0x31582B1d46f826d2388d98D8D921c1A5f5a3cAEe,346,188,7.8279,0.6913,1,12,1,13,85.33,0,0.4018,0,0
0xe7AC900E85F6e906240848783175b86Ae42fb862,585,1033,3.8525,0.9245,0,13,2,18,74.87,5,0.1712,0,0
0xc3F5F2189c6DCB9Bd34b518FC943dfefa6c3590E,861,169,3.2921,0.8083,0,14,0,15,70.84,1,0.3317,0,0
0xF27fC41fe47bFeC6FfB0432B8F3Daaee62DA9068,377,1030,4.3644,0.6929,0,9,1,13,71.81,0,0.4368,0,0
0xd00056E6fff4D253d8357384CE2B068F4C56621e,621,89,1.0528,0.7204,1,11,0,3,68.03,2,0.0786,1,0
0x00c7fa9a4bE6F30d29Db7b09978E00AaBb54C65E,34,18,42.5081,0.2649,4,18,6,6,34.73,10,0.5646,1,1
0xc42bFa70728dcc826aa3e55F6805327D555fB9B1,194,109,5.3219,0.8956,2,17,1,17,62.94,3,0.4586,0,0
0x5082f75C3801A7D66bFf572454B89C37F97450ae,788,233,1.6581,0.7089,1,6,1,4,61.5,1,0.0832,0,0
0x963cF0445A23f5a523852A00b84026305c7103E8,103,22,9.3866,0.3961,8,27,6,7,34.44,9,0.7365,1,1
0x8b07Ace36fD272FAD7b1256F591D0a3Cef4e0894,836,393,6.2969,0.5776,0,9,3,14,75.5,0,0.4581,0,0
0x7C8123F65eC0A020Ea04c1ac1bB20B4AF0BAF893,114,17,6.4711,0.1427,4,32,8,1,24.44,8,0.541,0,1
0xe6f206D0b3cC1Fb9de48A366078B310CBA092Af4,549,164,3.2672,0.8034,1,16,2,13,79.25,1,0.1403,0,0
0x40CaeA82b58D44D5F491Bc9d0e30d2d7C206cD33,139,13,10.6627,0.5386,3,22,6,5,6.29,9,0.5223,0,1
0xd0A99346aE4d8E3Fd295169E1cB392e5b1c417c6,46,35,2.4429,0.3513,3,39,11,2,17.73,10,0.5691,0,1
0x17B87C548119664E0300A1A86057183718114DE6,91,21,2.7611,0.4215,4,20,3,6,19.49,7,0.7349,0,1
0x424a2dcF0Ce294770bFBFE1a228515633D6f2daB,344,62,3.5577,0.3735,5,25,10,3,24.48,6,0.6766,1,1
0xB1dbcB994D5631E86Faa42533EEc8744c1E3e225,192,49,82.7696,0.0878,3,27,5,7,38.64,7,0.534,1,1
0x76e4d812F595Ff180cD7B9FEe64C5CF6Db844766,519,908,9.307,0.7861,0,16,2,6,73.11,0,0.1741,0,0
0xF8bB7AeFc21186d7D2386F483fddD28099148741,59,20,2.3155,0.1021,2,22,7,6,39.35,6,0.5799,1,1
0xd8359171d71df7fB5aa7C669F3e86082125D7721,546,109,0.4738,0.8216,0,8,3,3,70.53,2,0.341,0,0
0x587F709A185202b83BBF3D4EB2a694591728dA4d,268,130,8.459,0.3012,4,38,11,1,9.02,9,0.4393,0,1
0x84Ca101600D193A5E2E08DFFf3b05BEaF7397D0F,354,738,5.2341,0.5698,0,13,4,11,66.96,1,0.2719,0,0
0xC81DC3E3F75C2E4f2287e3cf034D53A4AC784e61,228,85,3.3707,0.6814,1,13,0,12,73.49,3,0.4823,0,0
0xEeF189655F2Cdcc19d099fAFf7c6315619c7a5e3,224,343,1.1279,0.5255,0,7,2,10,69.55,3,0.211,0,0
0x25ADa405d67D4f7422Beea70235cC16b3Ddf581a,680,491,3.0294,0.9123,0,12,2,11,58.89,1,0.1458,0,0
0x43732Dd673f4A884fCE4146A511eaA70D26446A6,50,6,12.6527,0.2412,0,41,9,5,16.83,8,0.8465,0,1
0x7E190e94F3FD27317E36B9f5322a5e7ec47726d9,269,797,1.1943,0.7771,0,14,0,9,61.77,4,0.1906,0,0
0xD63E16836Bc92ee655C9f40F49051110731B7863,1344,745,3.1348,0.8798,1,12,2,11,73.05,0,0.1335,0,0
0x2eec2667749C6d4a2E4Aa113F0E13f247F9773dd,385,974,32.8685,0.8157,0,13,2,15,80.27,0,0.3325,0,0
0xF20b16B4FaB97619aa44633aC594723F03F2a822,7,12,37.5716,0.3481,5,26,6,5,38.05,8,0.9102,1,1
0x5056aAbb7e77b20f8AdfdaF93E041bdF76D48994,23,26,5.8202,0.2597,9,35,9,3,26.55,8,0.7004,1,1
0x4c64CD90E78448337019E6f06dd46c3057F108a0,50,43,38.1101,0.1406,9,22,12,6,0.0,7,0.448,0,1
0x4b29A16D65adCC6F51bA5Af79570C6476B759bba,82,7,14.8021,0.2299,7,28,12,4,51.16,10,0.7665,1,1
0xCf9E0184D1CF009c33DF7a100688a02933C9AF46,626,74,13.4255,0.8278,1,13,2,16,75.71,1,0.1711,0,0
0x1e21996ea1CaDdD01f08490199fFc7bEB9f99010,33,18,20.5384,0.2967,4,28,9,1,28.51,12,0.6628,0,1
0x7347d353a7e00bE7670679F4c40C74568adA208c,57,10,47.9779,0.3679,3,26,6,6,60.32,5,0.7775,1,1
0xD7a63F375Aa1e8EF64Bbc556C542b8b4D40eE713,21,79,14.7636,0.3497,5,27,8,4,14.93,6,0.5142,0,1
0xC5885B842e333FfA511Ee2835deDC87e2696BfDB,200,18,27.8117,0.095,6,34,9,5,27.65,15,0.6046,0,1
0x48A782176bCc0E757AEb7421588cb7ad27c13A10,40,5,8.4498,0.3737,3,28,9,4,29.43,2,0.2918,0,1
0x125F97a65C34e274848b3a7D1064f98cD99e3955,58,100,34.2046,0.0909,2,30,9,1,38.62,5,0.7954,0,1
0xcf8C6695aDcd367D78fF8B1a4A922226e26784eF,58,28,200.0,0.4522,0,21,15,3,52.75,9,0.4749,0,1
0x4E833af801a6c66623E0875D4b42a77c95dd0cA8,185,96,7.4864,0.9219,0,18,1,14,69.99,3,0.217,0,0
0x59fe310450248787eFC2b2159081a83FbD586B25,1500,558,3.4263,0.6441,1,18,2,3,95.42,1,0.24,0,0
0xB0b419EFD0d350176d860529AE40299535aD7d41,261,328,7.6494,0.9253,0,11,2,10,76.17,2,0.3495,0,0
0xC98AAc2721EaE2Fcf2C9083C2C3F07490e19e782,1500,101,2.4657,0.7845,0,17,2,16,74.76,0,0.1799,0,0
0xa7637D450201F0835e486B89160FcEAb6520DD48,197,43,20.8711,0.362,1,30,11,4,0.0,5,0.2619,1,1
0x1DD20D00DaB21C7C278A5C334Ac16b35F5f484e9,56,14,9.2081,0.2713,5,28,5,4,15.22,8,0.7631,0,1
0x32288C16d987Dda896a8fB65054c03D5fbAFdBfD,17,13,2.7041,0.133,5,28,4,5,10.62,9,0.8926,1,1
0xA0da3bdeBB66FC5bd46d1Fa4B3D50E202969118e,27,6,14.4183,0.1995,2,19,7,6,8.68,8,0.7022,0,1
0x1c43dDaADB70F090ED8426169714ac1551B608f7,805,129,3.615,0.8797,0,15,0,12,85.9,0,0.0333,1,0
0xb0dACd82218738bDFc018c6A775859bA393a64cC,61,33,55.1839,0.0987,5,22,13,3,0.8,4,0.8589,0,1
0x22A09AA100Be2d105930f4F7a3D718Aa1A7DB908,1313,826,0.9373,0.8726,0,10,0,8,52.95,0,0.2013,0,0
0x9869BCCBF3105e3876Bb1dEcE2aCd5B66a56D155,396,523,0.5203,0.8968,0,11,0,12,83.83,3,0.3086,0,0
0x06731e3b70d75f17FC53ed42FbF48F158cDcD1eA,147,25,7.1906,0.1136,4,40,4,4,0.16,8,0.4473,1,1
0x6419665fFcfd0872D3228aa4fB46E0f13B08355a,310,508,0.3212,0.8461,0,11,4,12,82.64,2,0.0506,0,0
0x1FDcC56027c9B63900BA565eeA1fd1C9C7793c12,1500,154,5.9143,0.9572,0,13,0,18,85.07,3,0.3482,1,0
0x772EE0D63590ca8c4FAc1747903eF130C630506E,299,88,8.77,0.5924,0,14,2,8,64.15,0,0.1751,0,0
0x51ADBFf2c0c404714944a0bBa6771604F689c550,775,229,4.1547,0.6817,1,8,1,16,59.72,1,0.0981,0,0
0x38d40c0304F5e544d299428892e4C17C6975A36b,273,420,1.7096,0.7128,0,16,1,13,66.48,3,0.0669,0,0
0x7E06E57d65Da4d4Ee21E9b973F4FCe65Fc81CCb8,278,384,1.2743,0.8128,1,9,2,15,61.19,1,0.2959,0,0
0x546EBb814277261c2c141ba8848cD9167b4a338E,13,54,92.8915,0.1198,4,26,7,5,10.6,5,0.5788,1,1
0x1e624583485540c7106ff8F640C80E09CFdd4986,373,72,6.5345,0.7559,0,14,1,12,56.75,3,0.2251,0,0
0xB4F3F4Df6fD535280F323FD9c02cC3963Da17fCf,187,267,9.0658,0.4967,0,11,0,17,87.15,1,0.2523,0,0
0x15699a4150c5Bc95f8409acc678f69EA6d3c1744,653,518,29.9998,0.8681,2,16,2,6,79.99,2,0.3253,1,0
0x7d8BbF7Db169Db3e049C9668E7a3C106E7abd0B3,630,1267,7.9411,0.8198,0,13,1,14,71.51,0,0.3702,0,0
0x7350dE498517dF59FE80D009dEA47f9C62A75744,21,98,16.9346,0.3202,4,24,9,6,44.21,9,0.7333,0,1
0xbC814DA1237772e0401a3aE98C0F7686FF2607F4,66,5,16.5923,0.0256,2,21,5,3,34.78,7,0.7377,0,1
0xef172AcaAfa60C31caB7AbDA148d6eaD56bB8A6c,35,17,200.0,0.0735,6,33,3,3,23.59,4,0.7438,1,1
0x932ddd7d808b3aCa32B5C77f9B740Cd707e469fe,7,50,17.3291,0.0506,6,33,10,4,13.89,4,0.5697,0,1
0x846e30a12fA2546d1a0fE2E4b452CCcd31Fe11C0,481,70,1.4367,0.924,0,14,0,4,71.34,2,0.3681,0,0
0x532918B02E3159f457c3a99b90272b5292f2d463,40,5,4.3767,0.1442,4,23,8,6,33.96,8,0.7867,1,1
0xb4bffea413005baF898Be2fa0318a02ec3aD18Ed,59,62,34.0129,0.225,3,24,12,4,13.68,3,0.3971,0,1
0x02a5E8fc9E901E054380F9c4b30787ef36936320,23,111,125.1948,0.1773,4,24,13,6,11.91,9,0.8434,1,1
0x6e90B4143BfF60327c7E2CfBb7A5Cf9540EF6810,253,347,7.3303,0.7294,0,22,0,3,89.2,3,0.3068,0,0
0x914F0FE033952F23d41F735441aa518f233eFBB8,54,9,2.2183,0.1612,8,33,9,5,29.73,10,0.8507,0,1
0x1BF3A4c61bC5a9E566765127F13Be9e498dD80C1,604,930,2.0891,0.905,0,8,1,12,69.01,2,0.1413,0,0
0xa8387A292B87CF90D32629aFA6866C654AD2cC5a,204,104,6.3113,0.8276,0,11,1,19,61.06,2,0.5747,0,0
0xCC0D4f609A28B9Cd2878C4c02Ba5D44dA4531b58,318,77,13.9262,0.7307,0,15,2,3,69.28,1,0.1624,0,0
0xD10661F5b87eD2dA9219894C403bd4b0415f8fA5,188,302,1.5897,0.4528,3,24,5,3,23.3,10,0.6388,1,1
0xC3b7438D3225A77D8d571C8E06009DF06b0f620C,332,734,2.8529,0.9576,0,8,1,5,62.63,1,0.2368,0,0
0x9E4074615215ae7BE6b28B8F67B16e8827Ce759d,508,172,8.9613,0.6665,0,11,0,8,85.64,1,0.2238,0,0
0x82bAbA6bd394897EB05eAF6D3e878660D11F7aC2,119,30,0.4445,0.1525,5,28,10,7,35.82,5,0.7639,0,1
0x1265E029cF6D8347c96a499cF246338322d3a58e,27,6,9.6182,0.1374,5,26,6,3,23.26,8,0.8641,1,1
0x4C442963af403C22936e6c4f537160a00e1C5dCd,655,333,25.5056,0.9062,0,11,0,16,96.63,1,0.2373,0,0
0x48f3b8f5BCd70ed1fF81118a1E004f3940B51Ae4,140,68,35.529,0.2513,2,27,11,1,36.71,6,0.6801,1,1
0x90F35756A9BCBac7DA1F353cEE77755AaDC21C63,555,653,1.281,0.7627,0,12,2,11,66.59,0,0.0474,0,0
0x71e39FBe3cE9246E0aa442F5FD6Bdf3eD96AB25A,62,13,14.7781,0.4522,3,30,4,2,25.78,5,0.1796,1,1
0xcDc09c26Ba7b6455549BA641C0ba87cb2e8915bF,199,113,5.4229,0.867,0,11,1,14,66.81,0,0.2018,0,0
0xd1dE6bbDbC877Ed693c1DE79C27a7bb9DAbcD0Ab,572,841,8.2223,0.856,0,17,1,7,74.65,0,0.2233,0,0
0x392AF6bF5BbeC4f23574aba4cEeC919D8c4BeD71,1132,336,7.2164,0.7765,0,7,2,14,58.64,2,0.2039,0,0
0xac48B2Fbe01AbE983b842f18321272812AAAF8F8,255,161,4.2179,0.8014,1,8,2,15,71.61,1,0.366,0,0
0xaC8756500407d09C50f2b06Ff32319e032A6B1C8,36,16,5.3273,0.4336,7,32,16,2,40.41,9,0.7372,0,1
0x4f2c13b70cF890c808a2E644578baE1eB691f550,243,900,8.9024,0.6861,0,10,3,8,59.99,2,0.0487,0,0
0x5f14Ae5dfD020Ee5D104f250d07EC871fF17b233,64,115,69.0045,0.156,2,32,11,5,30.84,4,0.5661,1,1
0x17A6Bd7fC99F981b495E1acba4768560104c6D86,980,239,2.7837,0.6727,0,9,2,17,72.05,2,0.2837,0,0
0xD8E21CAd1faecEbC9Ebec7ca4b5210EAE6f9E9cE,422,67,2.6354,0.6949,0,11,2,13,38.41,2,0.4409,0,0
0x6a6fE330C98733a5F6fdB7A6d7944d95C7E096f4,69,30,6.2432,0.1963,4,32,12,3,13.58,9,0.6604,1,1
0x874E97c286742b016C9eD1c64b3dF75c949cEa8e,993,1722,1.624,0.7468,0,14,0,14,60.87,1,0.0329,0,0
0xae8E4AD689a50D0781A0B85cCf66190BEBB617dC,847,426,2.3973,0.6673,0,11,1,18,83.95,1,0.1695,0,0
0x12c42Db89D9dc3F197DD7a6529e287dD80506BEc,33,15,3.8364,0.2909,4,29,7,7,15.4,10,0.7017,1,1
0x5745D22C26107D1CC0834E28c2590a2cC34C3ed2,241,17,4.2873,0.1008,7,32,13,5,24.92,8,0.613,1,1
0x246ADb6D3c70eEaAc8Ecb7693c33de4Fc8Ed68C9,464,98,3.4456,0.816,1,11,0,7,68.58,0,0.1871,0,0
0x76211DE938F5bE5ABA7e37eF6b34bCdcEEF7b5b6,1041,652,36.1777,0.6126,0,14,2,19,73.18,2,0.1729,0,0
0x753b581f69020308EC32ec211E91B02CB247bf86,23,252,42.0742,0.1411,4,38,9,1,33.16,6,0.9198,0,1
0xFb7Ec41E494793D5e0E1BaeE1032762D81efB11B,56,47,4.5256,0.0987,6,35,14,4,29.81,7,0.4664,0,1
0x1BaD27C301A8658fB39F5E2916BA745A88a429a8,450,191,25.3433,0.6314,0,16,0,17,72.95,2,0.1398,0,0
0x5BF0F2EC520643e936d9Be68CDfb9b01Ab4c7974,27,40,142.4435,0.4562,4,25,10,2,34.36,5,0.5803,0,1
0x3A1Cb56b1Ca67Ac75FE2b330aF9555176Ce7B28d,338,317,20.4766,0.6872,0,7,3,10,84.1,1,0.3998,0,0
0x4D5D35Cd953Ab1f5989892FfD2F4D92C70CE040e,92,81,41.9714,0.1741,7,29,13,2,15.63,9,0.5042,1,1
0x4CC95703341016C3A7DE21083527858554dd6e38,96,8,19.2746,0.1151,9,26,10,5,48.56,6,0.6139,1,1
0x0653486D0Db8d0d591cCbaC8B21b8C0C1F651bEA,687,319,13.8281,0.6468,1,11,0,9,69.71,1,0.1338,0,0
0x13038E08Fcf1A4C9C4AC5B72DE5413E23916fB47,84,13,30.3204,0.4294,2,25,8,7,27.32,11,0.7691,1,1
0x01d08Dc6ea58b85cdd13A524832cd06ed3F7Cd63,400,210,2.601,0.9438,1,9,6,4,45.29,1,0.1837,0,0
0x199985182902D9BEB6b9232879dC1D79C6921578,39,7,3.3483,0.2607,6,25,2,7,46.6,10,0.3556,0,1
0xD282F606F2923Fa29370893f9C4Dc049e5fD3b86,348,251,1.8243,0.8896,1,9,0,5,65.47,1,0.1464,0,0
0x43d5D60ea7172B6B4b6a2eB1BebA84dD2ca62A11,1312,178,3.2097,0.4772,0,11,0,11,53.07,3,0.2502,0,0
0x312294a586e6dea48be59F97872e0491865f804a,31,20,1.1153,0.5666,5,27,10,6,49.29,14,0.3712,1,1
0xCE8bB93cB14ab8470D64c9711c3Ca58d6399c8Bf,77,43,67.3421,0.1249,5,33,13,4,4.81,8,0.7783,1,1
0x3563Baf072B48162401046ec8A75BedA5F3ba514,51,23,46.5025,0.0664,4,35,15,1,19.33,7,0.4483,1,1
0x25Fe8D924Bd38F73168cb7AaD4cc3B3F424a4464,17,8,28.132,0.2621,5,24,16,4,42.04,7,0.695,1,1
0x3A769471A0E1f23D65FE3F3cc885A36d685ea89D,10,14,4.2228,0.2369,3,26,7,2,6.58,8,0.777,0,1
0xb98b7628337594a5984a38e7AA80A02466C433e8,85,26,3.3641,0.1094,5,30,10,6,21.52,7,0.6568,1,1
0xba2eeA7916854d173c8D937312046FDCfd23d891,927,249,27.3661,0.9609,0,7,3,7,79.65,2,0.2383,0,0
0xFa0776063811cFADD6CEB4064e5E497e0C596030,44,31,8.8706,0.179,4,28,12,7,56.05,9,0.5816,1,1
0xc16159A4Ea999aB747CC6d8A228c00c37CE6E72F,18,8,17.6971,0.2895,8,35,7,1,10.15,7,0.7019,0,1
